,Incident_Number,CreateDatetime,Call_Type,Source,Progress,Priority,Dispositions,Block_Address,City,ZIP_Code,NonBerkeley_Address,ObjectId_x,Statute,Statute_Description,Statute_Type,Arrest_Type,Age,Height,Race,Sex,Weight,Case_Number,ObjectId_y
0,2025-00045487,2025/10/06 06:36:30+00,CFS 602L - Trespassing,911 Call,In Progress,Level 3,"RIPA, Arrest only (no Case), Mental Health, Homeless, Primary Case (Case or Cold Theft)",3000 ADELINE ST,BERKELEY,94703.0,,190,602(O),TRESPASS:REFUSE TO LEAVE PROPERTY,Penal Code,Summoned/Cited IBR,29,5 ft. 3 in.,Other,Female,120.0,2025-00045487,66
1,2025-00045481,2025/10/06 06:04:39+00,CFS 484 - Theft,Officer Initiated,In Progress,Level 2,Primary Case (Case or Cold Theft),1400 SHATTUCK AVE,BERKELEY,94709.0,,192,484 (A) - (building),PETTY THEFT OF PROPERTY FROM BUILDING,Penal Code,On-View Arrest IBR,36,5 ft. 8 in.,White,Male,140.0,2025-00045481,69
2,2025-00045467,2025/10/06 03:28:40+00,CFS 484 - Theft,Telephone,Just Prior,Level 2,Primary Case (Case or Cold Theft),1400 UNIVERSITY AVE,BERKELEY,94702.0,,313,666.1(A)(1) (F); 1203.2 - F; 484 (A),Motor vehicle theft: FELONY THEFT WITH 2 PRIOR; PROBATION VIOLATION: REARREST/REVOKE; PETTY THEFT (ALL OTHER),Penal Code; Penal Code; Penal Code,On-View Arrest IBR,30,5 ft. 11 in.,Black,Male,135.0,2025-00045467,72
3,2025-00045601,2025/10/07 00:47:48+00,CFS 20001 - Hit & Run Injuries,911 Call,In Progress,Level 1,"Collision Report, Primary Case (Case or Cold Theft), RIPA",SHATTUCK AVE  &  CHANNING WAY,BERKELEY,94704.0,,375,20001 (A) - F; 23153 (A) - F; 23152 (A); 166 (A)(4),HIT AND RUN RESULTING IN DEATH OR INJURY; DUI ALCOHOL:CAUSING BODILY INJURY; DUI ALCOHOL; CONTEMPT OF COURT: DISOBEY COURT ORDER,Vehicle Code; Vehicle Code; Vehicle Code; Penal Code,On-View Arrest IBR,48,5 ft. 3 in.,Hispanic,Female,145.0,2025-00045601,39
4,2025-00045580,2025/10/06 23:19:12+00,CFS 487 - Grand Theft,Officer Initiated,In Progress,Level 2,"Homeless, Primary Case (Case or Cold Theft)",1800 4TH ST,BERKELEY,94710.0,,387,487 (A); 459,GRAND THEFT (ALL OTHER); BURGLARY - BREAKING AND ENTERING,Penal Code; Penal Code,On-View Arrest IBR,42,5 ft. 4 in.,Hispanic,Female,180.0,2025-00045580,61
5,2025-00045366,2025/10/05 16:20:05+00,CFS 594 - Vandalism,Telephone,In Progress,Level 2,Primary Case (Case or Cold Theft),1700 EASTSHORE HWY,BERKELEY,94710.0,,448,594(A)(1),VANDALISM:DEFACE PROPERTY,Penal Code,Summoned/Cited IBR,43,5 ft. 7 in.,Hispanic,Male,175.0,2025-00045366,75
6,2025-00045301,2025/10/05 05:17:24+00,CFS 415 - Disturbance,911 Call,In Progress,Level 2,Primary Case (Case or Cold Theft),1400 CARLETON ST,BERKELEY,94702.0,,466,594 (B)(1),VANDALISM ($400 OR MORE),Penal Code,On-View Arrest IBR,37,4 ft. 9 in.,Black,Female,170.0,2025-00045301,82
7,2025-00045296,2025/10/05 04:12:39+00,CFS SUSCIR - Susp. Circ.,911 Call,In Progress,Level 2,"Collision Report, Primary Case (Case or Cold Theft), Arrest only (no Case)",1200 ASHBY AVE,BERKELEY,94702.0,,482,20002 (A); 23152 (A); 148(A)(1),Hit & run property damage: only; owner required info exchange; DUI ALCOHOL; OBSTRUCT/RESIST/ETC PUBLIC/PEACE OFFICER/EMERGENCY MED TECH,Vehicle Code; Vehicle Code; Penal Code,On-View Arrest IBR,32,6 ft. 3 in.,Black,Male,190.0,2025-00045296,85
8,2025-00045283,2025/10/05 01:37:13+00,CFS T - Traffic Stop,Officer Initiated,In Progress,Level 0,"Arrest only (no Case), Primary Case (Case or Cold Theft)",ASHBY AVE  &  7TH ST,BERKELEY,94710.0,,499,Warr - Out (M); Warr - Out (M); Warr - Out (M); Warr - Out (M); 23152 (A),Outside Warrant Misdemeanor; Outside Warrant Misdemeanor; Outside Warrant Misdemeanor; Outside Warrant Misdemeanor; DUI ALCOHOL,Penal Code; Penal Code; Penal Code; Penal Code; Vehicle Code,On-View Arrest IBR,58,5 ft. 6 in.,Hispanic,Male,160.0,2025-00045283,88
9,2025-00045133,2025/10/04 03:46:26+00,CFS 415F - Family Disturbance,911 Call,In Progress,Level 1,Primary Case (Case or Cold Theft),2400 WARRING ST,BERKELEY,94704.0,,633,273A (A) - F; 273.5 - Agg; 245 (C) - F,WILLFUL CRUELTY TO CHILD: AGGRAVATED INJURY OR DEATH; CORPORAL INJURY ON SPOUSE/COHABITANT/CHILD IN COMMON; ADW NOT A FIREARM ON P.O./FIREFIGHTER:GBI LIKELY,Penal Code; Penal Code; Penal Code,On-View Arrest IBR,37,5 ft. 10 in.,Hispanic,Male,225.0,2025-00045133,92
10,2025-00045122,2025/10/04 02:13:03+00,CFS 242 - Battery,911 Call,In Progress,Level 1,Primary Case (Case or Cold Theft),1600 SHATTUCK AVE,BERKELEY,94709.0,,644,242; 148(A)(1),BATTERY ON PERSON; OBSTRUCT/RESIST/ETC PUBLIC/PEACE OFFICER/EMERGENCY MED TECH,Penal Code; Penal Code,On-View Arrest IBR,39,6 ft. 0 in.,White,Male,185.0,2025-00045122,95
11,2025-00045065,2025/10/03 20:18:22+00,CFS 487 - Grand Theft,Telephone,Cold Report,Level 4,Primary Case (Case or Cold Theft),2700 SHATTUCK AVE,BERKELEY,94705.0,,662,1203.2 - F; 11364(A); 10851 (A); 466; 459,PROBATION VIOLATION: REARREST/REVOKE; POSSESS UNLAWFUL PARAPHERNALIA; TAKE VEHICLE W/O OWNER'S CONSENT/VEHICLE THEFT; POSSESS/ETC BURGLARY TOOLS; BURGLARY - BREAKING AND ENTERING,Penal Code; Health and Safety; Vehicle Code; Penal Code; Penal Code,On-View Arrest IBR,44,5 ft. 11 in.,White,Male,165.0,2025-00045065,63
12,2025-00045350,2025/10/05 11:10:27+00,CFS 415 - Disturbance,Telephone,In Progress,Level 2,Primary Case (Case or Cold Theft),CHANNING WAY  &  BOWDITCH ST,BERKELEY,94704.0,,769,1203.2 - F; 11377 (A) - M; 11364(A); 166 (A)(4),PROBATION VIOLATION: REARREST/REVOKE; POSSESS CONTROLLED SUBSTANCE; POSSESS UNLAWFUL PARAPHERNALIA; CONTEMPT OF COURT: DISOBEY COURT ORDER,Penal Code; Health and Safety; Health and Safety; Penal Code,On-View Arrest IBR,33,6 ft. 0 in.,White,Male,265.0,2025-00045350,78
13,2025-00044709,2025/10/02 00:54:06+00,CFS SEC - Security Check,Officer Initiated,In Progress,Level 4,"Arrest only (no Case), RIPA",1500 UNIVERSITY AVE,BERKELEY,94703.0,,801,647(F),DISORDERLY CONDUCT:ALCOHOL,Penal Code,Summoned/Cited IBR,60,5 ft. 7 in.,Hispanic,Male,160.0,2025-00044709,124
14,2025-00045014,2025/10/03 15:46:42+00,CFS 415 - Disturbance,Telephone,In Progress,Level 2,"Homeless, Arrest only (no Case)",2100 SHATTUCK AVE,BERKELEY,94704.0,,818,Warr - Out (F),Outside Warrant Felony,Penal Code,Taken into Custody IBR,37,6 ft. 1 in.,White,Male,190.0,2025-00045014,98
15,2025-00044886,2025/10/02 21:39:50+00,CFS 415F - Family Disturbance,911 Call,In Progress,Level 1,"Primary Case (Case or Cold Theft), RIPA",3000 STANTON ST,BERKELEY,94702.0,,934,273AB (A); 243 (E)(1) Simp,CUSTODY/CARE:ASSAULT CHILD-8:GREAT BODILY INJ:RESULT IN DEATH; BATTERY:SPOUSE/EX SPOUSE/DATE/ETC,Penal Code; Penal Code,On-View Arrest IBR,26,5 ft. 7 in.,Hispanic,Male,230.0,2025-00044886,104
16,2025-00044669,2025/10/01 22:25:20+00,CFS 1194 - Pedestrian Stop,Officer Initiated,In Progress,Level 0,"RIPA, Mental Health, Homeless, Primary Case (Case or Cold Theft)",2800 COLLEGE AVE,BERKELEY,94705.0,,939,11364(A),POSSESS UNLAWFUL PARAPHERNALIA,Health and Safety,On-View Arrest IBR,46,5 ft. 11 in.,Black,Male,180.0,2025-00044669,127
17,2025-00044883,2025/10/02 21:17:54+00,CFS T - Traffic Stop,Officer Initiated,In Progress,Level 0,Primary Case (Case or Cold Theft),GRAYSON ST  &  7TH ST,BERKELEY,94710.0,,946,1203.2 - F; 530.5 (A); 496D(A),PROBATION VIOLATION: REARREST/REVOKE; GET CREDIT/ETC OTHER'S ID BY IDENTITY THEFT ; POSSESS STOLEN VEHICLE/VESSEL/ETC,Penal Code; Penal Code; Penal Code,On-View Arrest IBR,29,6 ft. 2 in.,Black,Male,315.0,2025-00044883,108
18,2025-00044779,2025/10/02 07:32:56+00,CFS WARARR - Warrant Arrest,Officer Initiated,In Progress,Level 6,Arrest only (no Case),2100 MARTIN LUTHER KING JR WAY,BERKELEY,94703.0,,975,Warr - BPD (F),Felony Warrant,Penal Code,Taken into Custody IBR,23,5 ft. 9 in.,White,Male,125.0,2025-00044779,117
19,2025-00044858,2025/10/02 19:45:00+00,CFS SEC - Security Check,Officer Initiated,In Progress,Level 4,Arrest only (no Case),1500 ASHBY AVE,BERKELEY,94703.0,,1005,Warr - Out (F),Outside Warrant Felony,Penal Code,Taken into Custody IBR,29,5 ft. 4 in.,White,Female,150.0,2025-00044858,111
20,2025-00044825,2025/10/02 16:28:18+00,CFS TROV - Rest. Order Vio,911 Call,In Progress,Level 1,Primary Case (Case or Cold Theft),2000 STUART ST,BERKELEY,94703.0,,1042,11377 (A) - M; 11364(A); 166 (A)(4),POSSESS CONTROLLED SUBSTANCE; POSSESS UNLAWFUL PARAPHERNALIA; CONTEMPT OF COURT: DISOBEY COURT ORDER,Health and Safety; Health and Safety; Penal Code,On-View Arrest IBR,38,5 ft. 7 in.,Black,Male,160.0,2025-00044825,114
21,2025-00044716,2025/10/02 01:25:50+00,CFS SUSPER - Susp. Person,911 Call,In Progress,Level 2,Primary Case (Case or Cold Theft),2100 SHATTUCK AVE,BERKELEY,94704.0,,1096,666.1(A)(1) (F); 484 (A) - (Shoplift),Motor vehicle theft: FELONY THEFT WITH 2 PRIOR; PETTY THEFT SHOPLIFTING,Penal Code; Penal Code,On-View Arrest IBR,47,5 ft. 11 in.,Black,Male,165.0,2025-00044716,119
22,2025-00044651,2025/10/01 20:24:48+00,CFS 1194 - Pedestrian Stop,Officer Initiated,In Progress,Level 0,"Homeless, RIPA, Arrest only (no Case)",2100 MARTIN LUTHER KING JR WAY,BERKELEY,94703.0,,1112,Warr - Out (M); Warr - Out (M); Warr - Out (M); Warr - Out (M); Warr - Out (M); Warr - Out (M); Warr - Out (M),Outside Warrant Misdemeanor; Outside Warrant Misdemeanor; Outside Warrant Misdemeanor; Outside Warrant Misdemeanor; Outside Warrant Misdemeanor; Outside Warrant Misdemeanor; Outside Warrant Misdemeanor,Penal Code; Penal Code; Penal Code; Penal Code; Penal Code; Penal Code; Penal Code,Taken into Custody IBR,33,6 ft. 6 in.,,Male,230.0,2025-00044651,130
23,2025-00044953,2025/10/03 05:24:48+00,CFS 597 - Cruelty to Animals,911 Call,In Progress,Level 2,"Primary Case (Case or Cold Theft), RIPA",2400 DURANT AVE,BERKELEY,94704.0,,1167,597(A),CRUELTY TO ANIMALS,Penal Code,Summoned/Cited IBR,38,5 ft. 6 in.,White,Male,135.0,2025-00044953,101
24,2025-00044559,2025/10/01 05:20:24+00,CFS 415 - Disturbance,Telephone,In Progress,Level 2,"Arrest only (no Case), Primary Case (Case or Cold Theft)",SAN PABLO AVE  &  CEDAR ST,BERKELEY,94702.0,,1206,166 (A)(4); 148(A)(1),CONTEMPT OF COURT: DISOBEY COURT ORDER; OBSTRUCT/RESIST/ETC PUBLIC/PEACE OFFICER/EMERGENCY MED TECH,Penal Code; Penal Code,On-View Arrest IBR,23,5 ft. 9 in.,White,Male,125.0,2025-00044559,135
25,2025-00044541,2025/10/01 02:24:10+00,CFS T - Traffic Stop,Officer Initiated,In Progress,Level 0,"Arrest only (no Case), Primary Case (Case or Cold Theft), RIPA",7TH ST  &  POTTER ST,BERKELEY,94710.0,,1227,11370.1(A); 11352 (A); 25400 (A)(1) - F; 32310 (A) - F,POSS CONTROLLED SUBSTANCE WHILE ARMED W/LOADED FIREARM; TRANSPORT/SELL NARCOTIC/CONTROLLED SUBSTANCE; CARRY CONCEALED WEAPON IN VEHICLE; MANUFACTURE/SALE/POSSESS/ETC LARGE CAPACITY MAGAZINE,Health and Safety; Health and Safety; Penal Code; Penal Code,On-View Arrest IBR,40,5 ft. 7 in.,Black,Female,300.0,2025-00044541,138
26,2025-00044541,2025/10/01 02:24:10+00,CFS T - Traffic Stop,Officer Initiated,In Progress,Level 0,"Arrest only (no Case), Primary Case (Case or Cold Theft), RIPA",7TH ST  &  POTTER ST,BERKELEY,94710.0,,1227,29800 (A); 11370.1(A); 11352 (A); 25400 (A)(1) - F; 32310 (A) - F,FELON/ADDICT/POSSESS/ETC FIREARM; POSS CONTROLLED SUBSTANCE WHILE ARMED W/LOADED FIREARM; TRANSPORT/SELL NARCOTIC/CONTROLLED SUBSTANCE; CARRY CONCEALED WEAPON IN VEHICLE; MANUFACTURE/SALE/POSSESS/ETC LARGE CAPACITY MAGAZINE,Penal Code; Health and Safety; Health and Safety; Penal Code; Penal Code,On-View Arrest IBR,42,6 ft. 2 in.,Black,Male,175.0,2025-00044541,141
27,2025-00044510,2025/09/30 23:36:42+00,CFS SUSPER - Susp. Person,Telephone,In Progress,Level 2,"Primary Case (Case or Cold Theft), RIPA",2300 FULTON ST,BERKELEY,94704.0,,1267,459,BURGLARY - BREAKING AND ENTERING,Penal Code,On-View Arrest IBR,31,5 ft. 10 in.,Black,Male,180.0,2025-00044510,144
28,2025-00044374,2025/09/30 04:49:12+00,CFS 1181 - Minor Injuries,911 Call,In Progress,Level 1,"Collision Report, Primary Case (Case or Cold Theft)",DANA ST  &  BLAKE ST,BERKELEY,94704.0,,1309,23152 (B); 23152 (A),DUI ALCOHOL/0.08 PERCENT; DUI ALCOHOL,Vehicle Code; Vehicle Code,On-View Arrest IBR,59,5 ft. 3 in.,White,Female,225.0,2025-00044374,178
29,2025-00044303,2025/09/29 21:59:56+00,CFS T - Traffic Stop,Officer Initiated,In Progress,Level 0,"Primary Case (Case or Cold Theft), RIPA",2100 ALLSTON WAY,BERKELEY,94704.0,,1323,484 (A) - (Shoplift),PETTY THEFT SHOPLIFTING,Penal Code,Summoned/Cited IBR,54,5 ft. 4 in.,Black,Female,152.0,2025-00044303,181
30,2025-00044303,2025/09/29 21:59:56+00,CFS T - Traffic Stop,Officer Initiated,In Progress,Level 0,"Primary Case (Case or Cold Theft), RIPA",2100 ALLSTON WAY,BERKELEY,94704.0,,1323,484 (A) - (Shoplift),PETTY THEFT SHOPLIFTING,Penal Code,Summoned/Cited IBR,64,5 ft. 6 in.,Black,Female,145.0,2025-00044303,183
31,2025-00044504,2025/09/30 23:05:45+00,CFS 273 5 - Domestic Violence,911 Call,In Progress,Level 1,"Arrest only (no Case), Primary Case (Case or Cold Theft)",2400 8TH ST,BERKELEY,94710.0,,1333,1203.2 - F; 12022.1- F; 273.5 (F)(1) - F,PROBATION VIOLATION: REARREST/REVOKE; Enhancement; Felony committed while on Bail or O/R; AGG - INFLICT CORPORAL INJURY ON SPOUSE/COHAB W/PRIORS,Penal Code; Penal Code; Penal Code,On-View Arrest IBR,34,5 ft. 5 in.,Black,Female,190.0,2025-00044504,164
32,2025-00044480,2025/09/30 21:00:50+00,CFS 1194 - Pedestrian Stop,Officer Initiated,In Progress,Level 0,"Homeless, Arrest only (no Case)",DURANT AVE  &  DANA ST,BERKELEY,94704.0,,1391,Warr - Out (M),Outside Warrant Misdemeanor,Penal Code,Taken into Custody IBR,40,6 ft. 0 in.,White,Male,165.0,2025-00044480,165
33,2025-00044481,2025/09/30 20:28:34+00,CFS WARARR - Warrant Arrest,Telephone,In Progress,Level 6,"Arrest only (no Case), RIPA",2100 MARTIN LUTHER KING JR WAY,BERKELEY,94703.0,,1395,Warr - Out (F); Warr - BPD (F),Outside Warrant Felony; Felony Warrant,Penal Code; Penal Code,Taken into Custody IBR,26,5 ft. 2 in.,Black,Female,140.0,2025-00044481,167
34,2025-00044466,2025/09/30 19:30:12+00,CFS 1194 - Pedestrian Stop,Officer Initiated,In Progress,Level 0,"Homeless, RIPA, Arrest only (no Case)",1900 CENTER ST,BERKELEY,94704.0,,1407,Warr - BPD (M); Warr - BPD (M); Warr - BPD (M),Misdemeanor Warrant; Misdemeanor Warrant; Misdemeanor Warrant,Penal Code; Penal Code; Penal Code,Taken into Custody IBR,32,6 ft. 1 in.,Black,Male,180.0,2025-00044466,168
35,2025-00044587,2025/10/01 11:25:05+00,CFS 1067 - Call for Help,911 Call,In Progress,Level 1,MDT Narrative Only,1100 HARRISON ST,BERKELEY,94706.0,,1417,12022.1- F; 11364(A); 166 (A)(4); 459,Enhancement; Felony committed while on Bail or O/R; POSSESS UNLAWFUL PARAPHERNALIA; CONTEMPT OF COURT: DISOBEY COURT ORDER; BURGLARY - BREAKING AND ENTERING,Penal Code; Health and Safety; Penal Code; Penal Code,On-View Arrest IBR,40,6 ft. 3 in.,White,Male,220.0,2025-00044587,133
36,2025-00044294,2025/09/29 15:33:37+00,CFS 602L - Trespassing,Telephone,In Progress,Level 3,"Arrest only (no Case), RIPA",1800 BERKELEY WAY,BERKELEY,94703.0,,1442,Warr - BPD (M),Misdemeanor Warrant,Penal Code,Summoned/Cited IBR,61,5 ft. 10 in.,White,Male,155.0,2025-00044294,189
37,2025-00044243,2025/09/29 14:08:34+00,CFS 415 - Disturbance,911 Call,In Progress,Level 2,"Arrest only (no Case), Primary Case (Case or Cold Theft)",1900 SHATTUCK AVE,BERKELEY,94704.0,,1449,1203.2 - F; 422 (A) - F,PROBATION VIOLATION: REARREST/REVOKE; THREATEN CRIME WITH INTENT TO TERRORIZE,Penal Code; Penal Code,On-View Arrest IBR,45,5 ft. 7 in.,Black,Male,150.0,2025-00044243,191
38,2025-00044234,2025/09/29 10:40:20+00,CFS SUSCIR - Susp. Circ.,Telephone,In Progress,Level 2,Primary Case (Case or Cold Theft),1700 ALCATRAZ AVE,BERKELEY,94703.0,,1460,1203.2 - F; 594 (B)(1); 11364(A); 148(A)(1),PROBATION VIOLATION: REARREST/REVOKE; VANDALISM ($400 OR MORE); POSSESS UNLAWFUL PARAPHERNALIA; OBSTRUCT/RESIST/ETC PUBLIC/PEACE OFFICER/EMERGENCY MED TECH,Penal Code; Penal Code; Health and Safety; Penal Code,On-View Arrest IBR,37,6 ft. 5 in.,Black,Male,350.0,2025-00044234,195
39,2025-00044277,2025/09/29 18:00:31+00,CFS 484 - Theft,Telephone,In Progress,Level 2,Primary Case (Case or Cold Theft),1400 UNIVERSITY AVE,BERKELEY,94702.0,,1490,484 (A) - (building),PETTY THEFT OF PROPERTY FROM BUILDING,Penal Code,Summoned/Cited IBR,54,5 ft. 4 in.,Black,Female,152.0,2025-00044277,185
40,2025-00044331,2025/09/30 00:40:18+00,CFS 314 - Indecent Exposure,911 Call,In Progress,Level 2,"Primary Case (Case or Cold Theft), RIPA",2100 HASTE ST,BERKELEY,94704.0,,1528,166 (A)(4); 314 (1) - M,CONTEMPT OF COURT: DISOBEY COURT ORDER; INDECENT EXPOSURE,Penal Code; Penal Code,On-View Arrest IBR,46,5 ft. 10 in.,Black,Male,180.0,2025-00044331,180
41,2025-00044463,2025/09/30 19:13:19+00,CFS 1194 - Pedestrian Stop,Officer Initiated,In Progress,Level 0,"Homeless, Primary Case (Case or Cold Theft), RIPA",1900 CENTER ST,BERKELEY,94704.0,,1551,11395(B)(1) (F); 11377 (A) - M; 11364(A); 135,POSS CNTL SUB W/2 OR MORE PRIORS; POSSESS CONTROLLED SUBSTANCE; POSSESS UNLAWFUL PARAPHERNALIA; DESTROY/CONCEAL EVIDENCE,Health and Safety; Health and Safety; Health and Safety; Penal Code,On-View Arrest IBR,63,5 ft. 9 in.,White,Male,140.0,2025-00044463,170
42,2025-00044459,2025/09/30 18:56:53+00,CFS T - Traffic Stop,Officer Initiated,In Progress,Level 0,"Arrest only (no Case), Primary Case (Case or Cold Theft), RIPA",1900 ALLSTON WAY,BERKELEY,94704.0,,1554,148.9 (A),GIVE FALSE ID TO POLICE OFFICER,Penal Code,On-View Arrest IBR,18, ft.  in.,Black,Male,,2025-00044459,172
43,2025-00044453,2025/09/30 18:31:53+00,CFS SEC - Security Check,Officer Initiated,In Progress,Level 4,"Arrest only (no Case), Primary Case (Case or Cold Theft)",1900 CENTER ST,BERKELEY,94704.0,,1558,Warr - Out (F); 11350 (A) - M,Outside Warrant Felony; POSSESS NARCOTIC CONTROLLED SUBSTANCE,Penal Code; Health and Safety,On-View Arrest IBR,61,5 ft. 11 in.,Hispanic,Male,20.0,2025-00044453,174
44,2025-00044434,2025/09/30 16:19:19+00,CFS SEC - Security Check,Officer Initiated,In Progress,Level 4,"Arrest only (no Case), Primary Case (Case or Cold Theft)",SHATTUCK AVE  &  ASHBY AVE,BERKELEY,94705.0,,1585,666.1(A)(1) (F); 484 (A) - (Shoplift); Warr - Out (M); 11350 (A) - M,Shoplifting: FELONY THEFT WITH 2 PRIORS; PETTY THEFT SHOPLIFTING; Outside Warrant Misdemeanor; POSSESS NARCOTIC CONTROLLED SUBSTANCE,Penal Code; Penal Code; Penal Code; Health and Safety,On-View Arrest IBR,39,5 ft. 11 in.,Black,Male,152.0,2025-00044434,176
45,2025-00044120,2025/09/28 19:45:09+00,CFS KNOCK - Knock & Talk,Telephone,In Progress,Level 1,"Arrest only (no Case), Incident Report",3000 SAN PABLO AVE,BERKELEY,94702.0,,1601,Warr - Out (F),Outside Warrant Felony,Penal Code,Taken into Custody IBR,32,5 ft. 11 in.,White,Male,199.0,2025-00044120,55
46,2025-00043872,2025/09/27 05:48:42+00,CFS 415 - Disturbance,911 Call,Cold Report,Level 4,Primary Case (Case or Cold Theft),ALLSTON WAY  &  4TH ST,BERKELEY,94710.0,,1666,11364(A); 422 (A) - F,POSSESS UNLAWFUL PARAPHERNALIA; THREATEN CRIME WITH INTENT TO TERRORIZE,Health and Safety; Penal Code,On-View Arrest IBR,62,5 ft. 6 in.,White,Female,190.0,2025-00043872,73
47,2025-00044207,2025/09/29 05:20:33+00,CFS 20001 - Hit & Run Injuries,Officer Initiated,In Progress,Level 1,Primary Case (Case or Cold Theft),SHATTUCK AVE  &  BLAKE ST,BERKELEY,94704.0,,1703,20002 (A); 23152 (B); 23152 (A); 273A (A) - F,Hit & run property damage: only; owner required info exchange; DUI ALCOHOL/0.08 PERCENT; DUI ALCOHOL; WILLFUL CRUELTY TO CHILD: AGGRAVATED INJURY OR DEATH,Vehicle Code; Vehicle Code; Vehicle Code; Penal Code,On-View Arrest IBR,29,5 ft. 8 in.,Black,Female,180.0,2025-00044207,196
48,2025-00044027,2025/09/28 03:31:28+00,CFS 484 - Theft,Officer Initiated,In Progress,Level 2,Primary Case (Case or Cold Theft),2800 ADELINE ST,BERKELEY,94703.0,,1742,666.1(A)(1) (F); 1203.2 - F; 484 (A),Shoplifting: FELONY THEFT WITH 2 PRIORS; PROBATION VIOLATION: REARREST/REVOKE; PETTY THEFT (ALL OTHER),Penal Code; Penal Code; Penal Code,On-View Arrest IBR,25,6 ft. 2 in.,Black,Male,175.0,2025-00044027,57
49,2025-00044024,2025/09/28 03:06:11+00,CFS 1181 - Minor Injuries,911 Call,In Progress,Level 1,"Collision Report, Primary Case (Case or Cold Theft), Arrest only (no Case)",2600 10TH ST,BERKELEY,94710.0,,1752,23152 (A); 273A (A) - F; 243(B) (Simp.); 148(A)(1); 69 - F (Agg.),DUI ALCOHOL; WILLFUL CRUELTY TO CHILD: AGGRAVATED INJURY OR DEATH; BATTERY ON PEACE OFFICER/EMERGENCY PERSONNEL/ETC; OBSTRUCT/RESIST/ETC PUBLIC/PEACE OFFICER/EMERGENCY MED TECH; OBSTRUCT/RESIST EXECUTIVE OFFICER (AGGRAVATED),Vehicle Code; Penal Code; Penal Code; Penal Code; Penal Code,On-View Arrest IBR,34,5 ft. 2 in.,Other,Female,108.0,2025-00044024,60
50,2025-00043915,2025/09/27 11:19:01+00,CFS T - Traffic Stop,Officer Initiated,In Progress,Level 0,"Primary Case (Case or Cold Theft), RIPA",SAN PABLO AVE  &  DERBY ST,BERKELEY,94702.0,,1754,23152 (B),DUI ALCOHOL/0.08 PERCENT,Vehicle Code,On-View Arrest IBR,29,5 ft. 8 in.,Black,Male,150.0,2025-00043915,67
51,2025-00044140,2025/09/28 22:06:06+00,CFS SUSPER - Susp. Person,911 Call,In Progress,Level 2,Primary Case (Case or Cold Theft),1600 DERBY ST,BERKELEY,94703.0,,1769,647(I); 647(H); 166 (A)(4),PEEK INTO INHABITED BUILDING W/LOITERING; DISORDERLY CONDUCT:LOITER/ETC PRIVATE PROPERTY; CONTEMPT OF COURT: DISOBEY COURT ORDER,Penal Code; Penal Code; Penal Code,On-View Arrest IBR,32,6 ft. 0 in.,Black,Male,160.0,2025-00044140,53
52,2025-00043905,2025/09/27 09:08:50+00,CFS SUSPER - Susp. Person,911 Call,In Progress,Level 2,Primary Case (Case or Cold Theft),1700 ADDISON ST,BERKELEY,94703.0,,1816,647(F); 148.9 (A),DISORDERLY CONDUCT:ALCOHOL; GIVE FALSE ID TO POLICE OFFICER,Penal Code; Penal Code,On-View Arrest IBR,61,6 ft. 0 in.,Black,Male,150.0,2025-00043905,70
53,2025-00043980,2025/09/27 21:02:43+00,CFS 273 5 - Domestic Violence,911 Call,In Progress,Level 1,"Arrest only (no Case), Primary Case (Case or Cold Theft)",2700 SAN PABLO AVE,BERKELEY,94702.0,,1851,1203.2 - F; Warr - BPD (F); 11364(A); 273.5 - Agg; 207(A),PROBATION VIOLATION: REARREST/REVOKE; Felony Warrant; POSSESS UNLAWFUL PARAPHERNALIA; CORPORAL INJURY ON SPOUSE/COHABITANT/CHILD IN COMMON; KIDNAPPING,Penal Code; Penal Code; Health and Safety; Penal Code; Penal Code,On-View Arrest IBR,43,6 ft. 0 in.,Black,Male,230.0,2025-00043980,64
54,2025-00043466,2025/09/25 05:53:56+00,CFS 415F - Family Disturbance,911 Call,In Progress,Level 1,Primary Case (Case or Cold Theft),2500 ACTON ST,BERKELEY,94702.0,,2032,273A (A) - F,WILLFUL CRUELTY TO CHILD: AGGRAVATED INJURY OR DEATH,Penal Code,On-View Arrest IBR,57,5 ft. 11 in.,Black,Male,192.0,2025-00043466,129
55,2025-00043791,2025/09/26 22:54:12+00,CFS 484 - Theft,Officer Initiated,In Progress,Level 2,Primary Case (Case or Cold Theft),1400 UNIVERSITY AVE,BERKELEY,94702.0,,2054,666.1(A)(1) (F); 484 (A),All other larceny: FELONY THEFT WITH 2 PRIOR; PETTY THEFT (ALL OTHER),Penal Code; Penal Code,On-View Arrest IBR,62,5 ft. 7 in.,Black,Female,180.0,2025-00043791,76
56,2025-00043792,2025/09/26 22:49:54+00,CFS 415 - Disturbance,911 Call,In Progress,Level 2,Primary Case (Case or Cold Theft),700 HARRISON ST,BERKELEY,94710.0,,2056,1203.2 - F; 602(O),PROBATION VIOLATION: REARREST/REVOKE; TRESPASS:REFUSE TO LEAVE PROPERTY,Penal Code; Penal Code,On-View Arrest IBR,32,6 ft. 5 in.,Black,Male,171.0,2025-00043792,80
57,2025-00043777,2025/09/26 21:36:10+00,CFS 1194 - Pedestrian Stop,Officer Initiated,In Progress,Level 0,"Arrest only (no Case), Primary Case (Case or Cold Theft), RIPA",700 UNIVERSITY AVE,BERKELEY,94710.0,,2067,Warr - BPD (M); 11377 (A) - M; 11364(A),Misdemeanor Warrant; POSSESS CONTROLLED SUBSTANCE; POSSESS UNLAWFUL PARAPHERNALIA,Penal Code; Health and Safety; Health and Safety,On-View Arrest IBR,44,5 ft. 9 in.,Other,Male,220.0,2025-00043777,83
58,2025-00043566,2025/09/25 20:57:15+00,CFS T - Traffic Stop,Officer Initiated,In Progress,Level 0,"Arrest only (no Case), RIPA",GILMAN ST  &  2ND ST,BERKELEY,94710.0,,2151,Warr - Out (F); Warr - Out (F),Outside Warrant Felony; Outside Warrant Felony,Penal Code; Penal Code,Taken into Custody IBR,32,6 ft. 0 in.,Black,Male,215.0,2025-00043566,99
59,2025-00043729,2025/09/26 16:25:54+00,CFS SUSPER - Susp. Person,Telephone,Cold Report,Level 3,Primary Case (Case or Cold Theft),2000 5TH ST,BERKELEY,94710.0,,2155,1203.2 - F; 530.5 (A); 166 (A)(4); 459,PROBATION VIOLATION: REARREST/REVOKE; GET CREDIT/ETC OTHER'S ID BY IMPERSONATION; CONTEMPT OF COURT: DISOBEY COURT ORDER; BURGLARY - BREAKING AND ENTERING,Penal Code; Penal Code; Penal Code; Penal Code,On-View Arrest IBR,42,5 ft. 4 in.,Hispanic,Female,180.0,2025-00043729,58
60,2025-00043459,2025/09/25 05:21:41+00,CFS 417 - Brandishing Weapon,Telephone,In Progress,Level 1,"Homeless, Primary Case (Case or Cold Theft)",SACRAMENTO ST  &  ASHBY AVE,BERKELEY,94702.0,,2181,417 (A)(1) - M; 422 (A) - F,EXHIBIT DEADLY WEAPON OTHER THAN FIREARM; THREATEN CRIME WITH INTENT TO TERRORIZE,Penal Code; Penal Code,On-View Arrest IBR,67,6 ft. 2 in.,Black,Male,175.0,2025-00043459,132
61,2025-00043455,2025/09/25 04:58:23+00,CFS 273 5 - Domestic Violence,911 Call,In Progress,Level 1,"Arrest only (no Case), Primary Case (Case or Cold Theft), RIPA",3000 SAN PABLO AVE,BERKELEY,94702.0,,2205,273.5 - Simp,CORPORAL INJURY ON SPOUSE/COHABITANT/CHILD IN COMMON,Penal Code,On-View Arrest IBR,50,5 ft. 10 in.,Black,Male,165.0,2025-00043455,136
62,2025-00043455,2025/09/25 04:58:23+00,CFS 273 5 - Domestic Violence,911 Call,In Progress,Level 1,"Arrest only (no Case), Primary Case (Case or Cold Theft), RIPA",3000 SAN PABLO AVE,BERKELEY,94702.0,,2205,273.5 - Simp,CORPORAL INJURY ON SPOUSE/COHABITANT/CHILD IN COMMON,Penal Code,On-View Arrest IBR,40,5 ft. 8 in.,Black,Female,220.0,2025-00043455,139
63,2025-00043456,2025/09/25 04:16:59+00,CFS 1042 - Welfare Check,Telephone,In Progress,Level 2,Primary Case (Case or Cold Theft),2400 DOWLING PL,BERKELEY,94705.0,,2220,653M (A) - Annoy,ANNOYING TELEPHONE CALL:OBSCENE/THREATENING,Penal Code,On-View Arrest IBR,47,6 ft. 1 in.,White,Male,175.0,2025-00043456,142
64,2025-00043551,2025/09/25 19:05:36+00,CFS SUSCIR - Susp. Circ.,911 Call,In Progress,Level 2,"Arrest only (no Case), Primary Case (Case or Cold Theft)",1300 UNIVERSITY AVE,BERKELEY,94702.0,,2223,242,BATTERY ON PERSON,Penal Code,Summoned/Cited IBR,58,5 ft. 6 in.,Black,Male,226.0,2025-00043551,102
65,2025-00043551,2025/09/25 19:05:36+00,CFS SUSCIR - Susp. Circ.,911 Call,In Progress,Level 2,"Arrest only (no Case), Primary Case (Case or Cold Theft)",1300 UNIVERSITY AVE,BERKELEY,94702.0,,2223,422 (A) - F,THREATEN CRIME WITH INTENT TO TERRORIZE,Penal Code,Summoned/Cited IBR,68,5 ft. 10 in.,Black,Male,150.0,2025-00043551,105
66,2025-00043554,2025/09/25 18:56:07+00,CFS 273 5 - Domestic Violence,Telephone,Cold Report,Level 2,Primary Case (Case or Cold Theft),1500 RUSSELL ST,BERKELEY,94703.0,,2243,1203.2 - F; 236; 484 (A); 273.5 - Agg; 4573.5,PROBATION VIOLATION: REARREST/REVOKE; False Imprisonment; PETTY THEFT (ALL OTHER); CORPORAL INJURY ON SPOUSE/COHABITANT/CHILD IN COMMON; BRING ALCOHOL/DRUGS/ETC INTO PRISON/JAIL/ETC,Penal Code; Penal Code; Penal Code; Penal Code; Penal Code,On-View Arrest IBR,32,5 ft. 8 in.,Hispanic,Male,150.0,2025-00043554,110
67,2025-00043541,2025/09/25 18:33:46+00,CFS 242 - Battery,911 Call,In Progress,Level 1,Primary Case (Case or Cold Theft),2700 MILVIA ST,BERKELEY,94703.0,,2256,245 (A)(1) - F; 148(A)(1),ASSAULT W/DEADLY WEAPON:NOT F/ARM; OBSTRUCT/RESIST/ETC PUBLIC/PEACE OFFICER/EMERGENCY MED TECH,Penal Code; Penal Code,On-View Arrest IBR,61,6 ft. 1 in.,Black,Male,198.0,2025-00043541,113
68,2025-00043534,2025/09/25 17:49:06+00,CFS SUSPER - Susp. Person,Telephone,In Progress,Level 2,"Arrest only (no Case), Primary Case (Case or Cold Theft)",1400 UNIVERSITY AVE,BERKELEY,94702.0,,2262,666.1(A)(1) (F); Warr - BPD (F); 484 (A); 11377 (A) - M; 11364(A); 166 (A)(4),Motor vehicle theft: FELONY THEFT WITH 2 PRIOR; Felony Warrant; PETTY THEFT (ALL OTHER); POSSESS CONTROLLED SUBSTANCE; POSSESS UNLAWFUL PARAPHERNALIA; CONTEMPT OF COURT: DISOBEY COURT ORDER,Penal Code; Penal Code; Penal Code; Health and Safety; Health and Safety; Penal Code,On-View Arrest IBR,59,5 ft. 6 in.,Black,Male,158.0,2025-00043534,116
69,2025-00043530,2025/09/25 17:16:22+00,CFS 1194 - Pedestrian Stop,Officer Initiated,In Progress,Level 0,"Homeless, RIPA, Arrest only (no Case)",2000 CENTER ST,BERKELEY,94704.0,,2268,Warr - BPD (M),Misdemeanor Warrant,Penal Code,On-View Arrest IBR,35,6 ft. 3 in.,Black,Male,140.0,2025-00043530,120
70,2025-00043743,2025/09/26 19:11:19+00,CFS 1194 - Pedestrian Stop,Officer Initiated,In Progress,Level 0,"RIPA, Arrest only (no Case), Homeless, Primary Case (Case or Cold Theft)",2200 SHATTUCK AVE,BERKELEY,94704.0,,2282,Warr - Out (M); Warr - BPD (M); 11364(A),Outside Warrant Misdemeanor; Misdemeanor Warrant; POSSESS UNLAWFUL PARAPHERNALIA,Penal Code; Penal Code; Health and Safety,Taken into Custody IBR,43,5 ft. 9 in.,White,Male,150.0,2025-00043743,86
71,2025-00043442,2025/09/25 02:50:57+00,CFS 484 - Theft,Telephone,Cold Report,Level 4,Primary Case (Case or Cold Theft),1500 MARTIN LUTHER KING JR WAY,BERKELEY,94709.0,,2288,647(H); 484 (A); 166 (A)(4),DISORDERLY CONDUCT:LOITER/ETC PRIVATE PROPERTY; PETTY THEFT (ALL OTHER); CONTEMPT OF COURT: DISOBEY COURT ORDER,Penal Code; Penal Code; Penal Code,Taken into Custody IBR,27,5 ft. 7 in.,White,Male,200.0,2025-00043442,96
72,2025-00043687,2025/09/26 10:58:23+00,CFS 1042 - Welfare Check,911 Call,In Progress,Level 2,"Primary Case (Case or Cold Theft), RIPA",SAN PABLO AVE  &  BANCROFT WAY,BERKELEY,94702.0,,2302,23152 (A),DUI ALCOHOL,Vehicle Code,On-View Arrest IBR,31,5 ft. 11 in.,Hispanic,Male,185.0,2025-00043687,91
73,2025-00043624,2025/09/26 03:13:45+00,CFS 273 5 - Domestic Violence,911 Call,In Progress,Level 1,"Arrest only (no Case), Primary Case (Case or Cold Theft)",1100 ADDISON ST,BERKELEY,94702.0,,2325,243 (E)(1) Simp,BATTERY:SPOUSE/EX SPOUSE/DATE/ETC,Penal Code,On-View Arrest IBR,31,5 ft. 5 in.,Hispanic,Female,140.0,2025-00043624,93
74,2025-00043727,2025/09/26 17:50:50+00,CFS 484 - Theft,Telephone,In Progress,Level 2,"Arrest only (no Case), Primary Case (Case or Cold Theft)",1400 UNIVERSITY AVE,BERKELEY,94702.0,,2330,484 (A) - (Shoplift),PETTY THEFT SHOPLIFTING,Penal Code,On-View Arrest IBR,27,5 ft. 11 in.,Black,Female,138.0,2025-00043727,89
75,2025-00043430,2025/09/25 01:22:00+00,CFS 1194 - Pedestrian Stop,Officer Initiated,In Progress,Level 0,"Homeless, Primary Case (Case or Cold Theft), RIPA",2100 MARTIN LUTHER KING JR WAY,BERKELEY,94703.0,,2340,11377 (A) - M; 11364(A),POSSESS CONTROLLED SUBSTANCE; POSSESS UNLAWFUL PARAPHERNALIA,Health and Safety; Health and Safety,On-View Arrest IBR,37,5 ft. 6 in.,Hispanic,Female,90.0,2025-00043430,145
76,2025-00043508,2025/09/25 13:40:18+00,CFS TROV - Rest. Order Vio,911 Call,In Progress,Level 1,"Primary Case (Case or Cold Theft), RIPA",2400 DOWLING PL,BERKELEY,94705.0,,2367,646.9(B); 273.6(A),STALKING:TEMPORARY RESTRAINING ORDER/ETC; VIOLATE COURT ORDER TO PREVENT DOMESTIC VIOLENCE,Penal Code; Penal Code,On-View Arrest IBR,47,6 ft. 1 in.,White,Male,175.0,2025-00043508,123
77,2025-00043489,2025/09/25 08:23:46+00,CFS 415 - Disturbance,911 Call,In Progress,Level 2,Incident Report,1500 MARTIN LUTHER KING JR WAY,BERKELEY,94709.0,,2386,647(H),DISORDERLY CONDUCT:LOITER/ETC PRIVATE PROPERTY,Penal Code,On-View Arrest IBR,27,5 ft. 7 in.,White,Male,200.0,2025-00043489,126
78,2025-00043368,2025/09/24 19:26:34+00,CFS FLAG - Flag Down,Officer Initiated,In Progress,Level 1,Primary Case (Case or Cold Theft),2500 TELEGRAPH AVE,BERKELEY,94704.0,,2406,211,ROBBERY,Penal Code,On-View Arrest IBR,37,5 ft. 9 in.,White,Male,180.0,2025-00043368,173
79,2025-00043377,2025/09/24 19:17:13+00,CFS 243 - Serious Battery,Telephone,Just Prior,Level 1,"RIPA, Arrest only (no Case), Homeless, Primary Case (Case or Cold Theft)",2000 5TH ST,BERKELEY,94710.0,,2408,148.9 (A),GIVE FALSE ID TO POLICE OFFICER,Penal Code,Summoned/Cited IBR,31, ft.  in.,Black,Male,,2025-00043377,175
80,2025-00043362,2025/09/24 19:06:59+00,CFS 1194B - Bike Stop,Officer Initiated,In Progress,Level 0,"Homeless, Primary Case (Case or Cold Theft), RIPA",1900 CENTER ST,BERKELEY,94704.0,,2411,Warr - Out (F); Warr - Out (F); Warr - Out (F); Warr - Out (F); 11377 (A) - M; 11364(A),Outside Warrant Felony; Outside Warrant Felony; Outside Warrant Felony; Outside Warrant Felony; POSSESS CONTROLLED SUBSTANCE; POSSESS UNLAWFUL PARAPHERNALIA,Penal Code; Penal Code; Penal Code; Penal Code; Health and Safety; Health and Safety,On-View Arrest IBR,38,6 ft. 0 in.,White,Male,164.0,2025-00043362,177
81,2025-00043225,2025/09/24 00:15:20+00,CFS 484 - Theft,Telephone,In Progress,Level 2,"Primary Case (Case or Cold Theft), RIPA",1400 UNIVERSITY AVE,BERKELEY,94702.0,,2485,666.1(A)(1) (F); 484 (A) - (building); 166 (A)(4),Motor vehicle theft: FELONY THEFT WITH 2 PRIOR; PETTY THEFT OF PROPERTY FROM BUILDING; CONTEMPT OF COURT: DISOBEY COURT ORDER,Penal Code; Penal Code; Penal Code,On-View Arrest IBR,38,5 ft. 6 in.,Black,Male,160.0,2025-00043225,190
82,2025-00043415,2025/09/24 23:35:26+00,CFS 484 - Theft,Telephone,In Progress,Level 2,Primary Case (Case or Cold Theft),2100 SHATTUCK AVE,BERKELEY,94704.0,,2509,484 (A),PETTY THEFT (ALL OTHER),Penal Code,Summoned/Cited IBR,71,5 ft. 2 in.,Black,Female,100.0,2025-00043415,166
83,2025-00043321,2025/09/24 14:54:43+00,CFS 1194 - Pedestrian Stop,Officer Initiated,In Progress,Level 0,"Arrest only (no Case), Primary Case (Case or Cold Theft), RIPA",2100 CENTER ST,BERKELEY,94704.0,,2520,1203.2 - F; Warr - BPD (M); 11377 (A) - M; 11364(A),PROBATION VIOLATION: REARREST/REVOKE; Misdemeanor Warrant; POSSESS CONTROLLED SUBSTANCE; POSSESS UNLAWFUL PARAPHERNALIA,Penal Code; Penal Code; Health and Safety; Health and Safety,On-View Arrest IBR,47,5 ft. 11 in.,Black,Male,180.0,2025-00043321,179
84,2025-00043412,2025/09/24 23:22:07+00,CFS 1042 - Welfare Check,911 Call,In Progress,Level 2,"RIPA, Arrest only (no Case), Mental Health, Primary Case (Case or Cold Theft)",FAIRVIEW ST  &  ADELINE ST,BERKELEY,94703.0,,2532,381B; 148(A)(1),POSSESS NITROUS OXIDE; OBSTRUCT/RESIST/ETC PUBLIC/PEACE OFFICER/EMERGENCY MED TECH,Penal Code,On-View Arrest IBR,36,5 ft. 2 in.,White,Female,135.0,2025-00043412,169
85,2025-00043264,2025/09/24 04:09:08+00,CFS SUSPER - Susp. Person,Telephone,In Progress,Level 2,Primary Case (Case or Cold Theft),2100 SHATTUCK AVE,BERKELEY,94704.0,,2533,484 (A); 11364(A),PETTY THEFT (ALL OTHER); POSSESS UNLAWFUL PARAPHERNALIA,Penal Code; Health and Safety,On-View Arrest IBR,32,5 ft. 4 in.,White,Female,160.0,2025-00043264,188
86,2025-00043219,2025/09/23 23:45:23+00,CFS 1194 - Pedestrian Stop,Officer Initiated,In Progress,Level 0,"RIPA, Arrest only (no Case), Homeless, Primary Case (Case or Cold Theft)",7TH ST  &  HARRISON ST,BERKELEY,94710.0,,2540,1203.2 - F; 166 (A)(4),PROBATION VIOLATION: REARREST/REVOKE; CONTEMPT OF COURT: DISOBEY COURT ORDER,Penal Code; Penal Code,On-View Arrest IBR,41,6 ft. 1 in.,White,Male,160.0,2025-00043219,192
87,2025-00043112,2025/09/23 15:41:40+00,CFS FLAG - Flag Down,Officer Initiated,In Progress,Level 1,"Arrest only (no Case), Primary Case (Case or Cold Theft)",1800 UNIVERSITY AVE,BERKELEY,94703.0,,2584,484 (A); 166 (A)(4); 148(A)(1),PETTY THEFT (ALL OTHER); CONTEMPT OF COURT: DISOBEY COURT ORDER; OBSTRUCT/RESIST/ETC PUBLIC/PEACE OFFICER/EMERGENCY MED TECH,Penal Code; Penal Code; Penal Code,On-View Arrest IBR,40,6 ft. 3 in.,White,Male,220.0,2025-00043112,200
88,2025-00043309,2025/09/24 09:57:42+00,CFS T - Traffic Stop,Officer Initiated,In Progress,Level 0,"Arrest only (no Case), Primary Case (Case or Cold Theft), RIPA",UNIVERSITY AVE  &  SACRAMENTO ST,BERKELEY,94702.0,,2593,23152 (B); 23152 (A),DUI ALCOHOL/0.08 PERCENT; DUI ALCOHOL,Vehicle Code; Vehicle Code,Summoned/Cited IBR,30,4 ft. 11 in.,Hispanic,Male,58.0,2025-00043309,182
89,2025-00043299,2025/09/24 07:49:18+00,CFS T - Traffic Stop,Officer Initiated,In Progress,Level 0,"Arrest only (no Case), Primary Case (Case or Cold Theft)",UNIVERSITY AVE  &  ACTON ST,BERKELEY,94702.0,,2599,11377 (A) - M; 23152(G),POSSESS CONTROLLED SUBSTANCE; DUI COMBINED ALCOHOL AND DRUG,Health and Safety; Vehicle Code,On-View Arrest IBR,19,5 ft. 7 in.,Hispanic,Female,180.0,2025-00043299,184
90,2025-00043286,2025/09/24 05:36:26+00,CFS 415 - Disturbance,Telephone,Cold Report,Level 4,"Arrest only (no Case), Primary Case (Case or Cold Theft)",600 ARLINGTON AVE,BERKELEY,94707.0,,2620,594(A)(1),VANDALISM:DEFACE PROPERTY,Penal Code,On-View Arrest IBR,23,6 ft. 1 in.,Other,Male,130.0,2025-00043286,186
91,2025-00043210,2025/09/23 23:14:38+00,CFS 602L - Trespassing,911 Call,In Progress,Level 3,"Homeless, Arrest only (no Case)",1700 SAN PABLO AVE,BERKELEY,94702.0,,2632,Warr - BPD (M); Warr - BPD (M); Warr - BPD (M),Misdemeanor Warrant; Misdemeanor Warrant; Misdemeanor Warrant,Penal Code; Penal Code; Penal Code,Taken into Custody IBR,61,5 ft. 6 in.,White,Female,128.0,2025-00043210,194
92,2025-00043157,2025/09/23 18:50:14+00,CFS 484 - Theft,Telephone,In Progress,Level 2,Primary Case (Case or Cold Theft),1400 UNIVERSITY AVE,BERKELEY,94702.0,,2649,666.1(A)(1) (F); 484 (A) - (building),Motor vehicle theft: FELONY THEFT WITH 2 PRIOR; PETTY THEFT OF PROPERTY FROM BUILDING,Penal Code; Penal Code,On-View Arrest IBR,39,5 ft. 11 in.,Black,Male,152.0,2025-00043157,199
93,2025-00043401,2025/09/24 22:25:23+00,CFS 484 - Theft,Telephone,Cold Report,Level 4,Primary Case (Case or Cold Theft),1200 UNIVERSITY AVE,BERKELEY,94702.0,,2661,1203.2 - F; 487 (A); 459,PROBATION VIOLATION: REARREST/REVOKE; GRAND THEFT (ALL OTHER); BURGLARY - BREAKING AND ENTERING,Penal Code; Penal Code; Penal Code,On-View Arrest IBR,43,6 ft. 0 in.,Black,Male,230.0,2025-00043401,65
94,2025-00043192,2025/09/23 22:02:18+00,CFS 1194 - Pedestrian Stop,Officer Initiated,In Progress,Level 0,"RIPA, MDT Narrative Only, Homeless, Primary Case (Case or Cold Theft)",4TH ST  &  UNIVERSITY AVE,BERKELEY,94710.0,,2691,11377 (A) - M; 11364(A),POSSESS CONTROLLED SUBSTANCE; POSSESS UNLAWFUL PARAPHERNALIA,Health and Safety; Health and Safety,On-View Arrest IBR,33,5 ft. 6 in.,White,Female,175.0,2025-00043192,197
95,2025-00043190,2025/09/23 21:52:32+00,CFS SEC - Security Check,Officer Initiated,In Progress,Level 4,"Primary Case (Case or Cold Theft), RIPA",4TH ST  &  UNIVERSITY AVE,BERKELEY,94710.0,,2697,11364(A),POSSESS UNLAWFUL PARAPHERNALIA,Health and Safety,On-View Arrest IBR,38,5 ft. 11 in.,Black,Male,180.0,2025-00043190,198
96,2025-00043039,2025/09/23 03:59:23+00,CFS 415F - Family Disturbance,911 Call,In Progress,Level 1,Primary Case (Case or Cold Theft),1200 BLAKE ST,BERKELEY,94702.0,,2702,211; 594(A)(2); 11350 (A) - F; 11351; 591.5; 69 - F (Agg.),ROBBERY FIRST DEGREE HOME INVASION; VANDALISM:DAMAGE PROPERTY; POSSESS NARCOTIC CONTROLLED SUBSTANCE; POSSESS/PURCHASE FOR SALE NARCOTIC/CONTROLLED SUBSTANCE; DAMAGE/DESTROY ANY WIRELESS COMMUNICATION DEVICE; OBSTRUCT/RESIST EXECUTIVE OFFICER (AGGRAVATED),Penal Code; Penal Code; Health and Safety; Health and Safety; Penal Code; Penal Code,On-View Arrest IBR,26,6 ft. 2 in.,White,Male,195.0,2025-00043039,201
97,2025-00043023,2025/09/23 02:16:04+00,CFS 1194 - Pedestrian Stop,Officer Initiated,In Progress,Level 0,"Homeless, RIPA, Arrest only (no Case)",1900 CENTER ST,BERKELEY,94704.0,,2796,Warr - BPD (F); Warr - BPD (F),Felony Warrant; Felony Warrant,Penal Code; Penal Code,Taken into Custody IBR,73,5 ft. 9 in.,White,Male,141.0,2025-00043023,1
98,2025-00042877,2025/09/22 10:06:49+00,CFS 1053 - Person Down,911 Call,In Progress,Level 1,"Arrest only (no Case), Primary Case (Case or Cold Theft)",2900 DWIGHT WAY,BERKELEY,94704.0,,2801,647(F),DISORDERLY CONDUCT:ALCOHOL,Penal Code,On-View Arrest IBR,38,5 ft. 8 in.,Black,Male,187.0,2025-00042877,10
99,2025-00042877,2025/09/22 10:06:49+00,CFS 1053 - Person Down,911 Call,In Progress,Level 1,"Arrest only (no Case), Primary Case (Case or Cold Theft)",2900 DWIGHT WAY,BERKELEY,94704.0,,2801,647(F),DISORDERLY CONDUCT:ALCOHOL,Penal Code,On-View Arrest IBR,21,6 ft. 0 in.,Black,Male,265.0,2025-00042877,11
100,2025-00042877,2025/09/22 10:06:49+00,CFS 1053 - Person Down,911 Call,In Progress,Level 1,"Arrest only (no Case), Primary Case (Case or Cold Theft)",2900 DWIGHT WAY,BERKELEY,94704.0,,2801,Warr - Out (M); 647(F),Outside Warrant Misdemeanor; DISORDERLY CONDUCT:ALCOHOL,Penal Code; Penal Code,Taken into Custody IBR,33,5 ft. 10 in.,Hispanic,Male,195.0,2025-00042877,12
101,2025-00042848,2025/09/22 05:34:55+00,CFS T - Traffic Stop,Officer Initiated,In Progress,Level 0,Primary Case (Case or Cold Theft),2000 MARIN AVE,BERKELEY,94707.0,,2836,2800.1(A),EVADING PEACE OFFICER,Vehicle Code,Taken into Custody IBR,33,5 ft. 3 in.,White,Female,110.0,2025-00042848,13
102,2025-00043022,2025/09/23 02:11:12+00,CFS 1194 - Pedestrian Stop,Officer Initiated,In Progress,Level 0,"Homeless, Primary Case (Case or Cold Theft), RIPA",1900 CENTER ST,BERKELEY,94704.0,,2848,11364(A),POSSESS UNLAWFUL PARAPHERNALIA,Health and Safety,On-View Arrest IBR,63,5 ft. 8 in.,White,Male,140.0,2025-00043022,2
103,2025-00042916,2025/09/22 16:29:13+00,CFS 415 - Disturbance,911 Call,In Progress,Level 2,"Homeless, Primary Case (Case or Cold Theft)",1000 UNIVERSITY AVE,BERKELEY,94710.0,,2890,602(O); 485 - Misd.,TRESPASS:REFUSE TO LEAVE PROPERTY; APPROPRIATE LOST PROPERTY,Penal Code; Penal Code,On-View Arrest IBR,73,5 ft. 9 in.,White,Male,150.0,2025-00042916,8
104,2025-00042907,2025/09/22 15:25:06+00,CFS 1194 - Pedestrian Stop,Officer Initiated,In Progress,Level 0,"Arrest only (no Case), Primary Case (Case or Cold Theft), RIPA",2800 ADELINE ST,BERKELEY,94703.0,,2903,1203.2 - F; 166 (A)(4),PROBATION VIOLATION: REARREST/REVOKE; CONTEMPT OF COURT: DISOBEY COURT ORDER,Penal Code; Penal Code,On-View Arrest IBR,45,5 ft. 7 in.,Black,Male,150.0,2025-00042907,9
105,2025-00042731,2025/09/21 10:15:37+00,CFS SUSVEH - Susp. Vehicle,911 Call,In Progress,Level 2,Primary Case (Case or Cold Theft),2600 RIDGE RD,BERKELEY,94709.0,,2937,594 (B)(1); 23152 (B); 23152 (A),VANDALISM ($400 OR MORE); DUI ALCOHOL/0.08 PERCENT; DUI ALCOHOL,Penal Code; Vehicle Code; Vehicle Code,On-View Arrest IBR,28,5 ft. 7 in.,White,Male,155.0,2025-00042731,16
106,2025-00043019,2025/09/23 01:35:42+00,CFS 1033A - Audible Alarm,Telephone,In Progress,Level 1,"Primary Case (Case or Cold Theft), RIPA",2100 MILVIA ST,BERKELEY,94704.0,,2962,1203.2 - F; 459,PROBATION VIOLATION: REARREST/REVOKE; BURGLARY - BREAKING AND ENTERING,Penal Code; Penal Code,On-View Arrest IBR,30,5 ft. 11 in.,Black,Male,135.0,2025-00043019,3
107,2025-00042753,2025/09/21 17:41:37+00,CFS 602L - Trespassing,911 Call,In Progress,Level 3,"Homeless, Primary Case (Case or Cold Theft), Arrest only (no Case)",2700 SHATTUCK AVE,BERKELEY,94705.0,,3041,166 (A)(4); 485 - Misd.,CONTEMPT OF COURT: DISOBEY COURT ORDER; APPROPRIATE LOST PROPERTY,Penal Code; Penal Code,On-View Arrest IBR,34,5 ft. 11 in.,White,Male,165.0,2025-00042753,15
108,2025-00042659,2025/09/21 03:43:37+00,CFS 602L - Trespassing,Telephone,In Progress,Level 3,Primary Case (Case or Cold Theft),2100 VINE ST,BERKELEY,94709.0,,3065,602(O),TRESPASS:REFUSE TO LEAVE PROPERTY,Penal Code,Summoned/Cited IBR,64,6 ft. 1 in.,White,Male,185.0,2025-00042659,17
109,2025-00042794,2025/09/21 23:10:10+00,CFS 415 - Disturbance,Telephone,In Progress,Level 2,Primary Case (Case or Cold Theft),1500 FAIRVIEW ST,BERKELEY,94703.0,,3116,422.6 (Intim.); 422 (A) - F,VIOLATE CIVIL RIGHTS BY FORCE OR THREAT OF FORCE INTIMIDATION; THREATEN CRIME WITH INTENT TO TERRORIZE,Penal Code; Penal Code,On-View Arrest IBR,38,5 ft. 6 in.,Hispanic,Male,150.0,2025-00042794,14
110,2025-00042989,2025/09/22 22:24:55+00,CFS WARARR - Warrant Arrest,Telephone,In Progress,Level 6,"Arrest only (no Case), RIPA",2100 MARTIN LUTHER KING JR WAY,BERKELEY,94703.0,,3160,Warr - Out (F),Outside Warrant Felony,Penal Code,Taken into Custody IBR,48,5 ft. 8 in.,Black,Male,180.0,2025-00042989,6
111,2025-00042926,2025/09/22 17:18:53+00,CFS 415F - Family Disturbance,911 Call,In Progress,Level 1,"Arrest only (no Case), Primary Case (Case or Cold Theft)",1300 GRIZZLY PEAK BLVD,BERKELEY,94708.0,,3182,273.5 - Simp; 11350 (A) - M,CORPORAL INJURY ON SPOUSE/COHABITANT/CHILD IN COMMON; POSSESS NARCOTIC CONTROLLED SUBSTANCE,Penal Code; Health and Safety,On-View Arrest IBR,34,6 ft. 5 in.,Asian,Male,165.0,2025-00042926,7
112,2025-00042524,2025/09/20 11:32:38+00,CFS 1196 - Suspicoius Vehicle,Officer Initiated,In Progress,Level 0,"Arrest only (no Case), Primary Case (Case or Cold Theft)",CALIFORNIA ST  &  HARMON ST,BERKELEY,94703.0,,3299,Warr - Out (M); Warr - Out (M); Warr - Out (F); Warr - Out (F); Warr - Out (F); Warr - Out (F); Warr - Out (F); Warr - Out (F); Warr - Out (F); Warr - Out (F); Warr - Out (F); Warr - Out (F); Warr - Out (F); Warr - BPD (F); Warr - BPD (F); 530.5 (A); 496D(A); 496 (A) - M; 11377 (A) - M; 11364(A); 10851 (A); 466,Outside Warrant Misdemeanor; Outside Warrant Misdemeanor; Outside Warrant Felony; Outside Warrant Felony; Outside Warrant Felony; Outside Warrant Felony; Outside Warrant Felony; Outside Warrant Felony; Outside Warrant Felony; Outside Warrant Felony; Outside Warrant Felony; Outside Warrant Felony; Outside Warrant Felony; Felony Warrant; Felony Warrant; GET CREDIT/ETC OTHER'S ID BY IDENTITY THEFT ; POSSESS STOLEN VEHICLE/VESSEL/ETC; RECEIVE/ETC KNOWN STOLEN PROPERTY; POSSESS CONTROLLED SUBSTANCE; POSSESS UNLAWFUL PARAPHERNALIA; TAKE VEHICLE W/O OWNER'S CONSENT/VEHICLE THEFT; POSSESS/ETC BURGLARY TOOLS,Penal Code; Penal Code; Penal Code; Penal Code; Penal Code; Penal Code; Penal Code; Penal Code; Penal Code; Penal Code; Penal Code; Penal Code; Penal Code; Penal Code; Penal Code; Penal Code; Penal Code; Penal Code; Health and Safety; Health and Safety; Vehicle Code; Penal Code,On-View Arrest IBR,36,5 ft. 4 in.,Black,Female,190.0,2025-00042524,22
113,2025-00042515,2025/09/20 08:41:37+00,CFS SUSVEH - Susp. Vehicle,Telephone,In Progress,Level 2,"Arrest only (no Case), Primary Case (Case or Cold Theft)",CALIFORNIA ST  &  DERBY ST,BERKELEY,94703.0,,3307,23152 (A),DUI ALCOHOL,Vehicle Code,On-View Arrest IBR,38,5 ft. 11 in.,White,Male,135.0,2025-00042515,23
114,2025-00042490,2025/09/20 06:18:14+00,CFS 1194B - Bike Stop,Officer Initiated,In Progress,Level 0,"Arrest only (no Case), Incident Report",10TH ST  &  CAMELIA ST,BERKELEY,94710.0,,3328,Warr - Out (F),Outside Warrant Felony,Penal Code,Taken into Custody IBR,57,6 ft. 1 in.,Black,Male,220.0,2025-00042490,24
115,2025-00042469,2025/09/20 04:08:45+00,CFS 459 - Burglary,Telephone,Cold Report,Level 3,Primary Case (Case or Cold Theft),2800 STANTON ST,BERKELEY,94702.0,,3354,496 (A) - M; 487 (A); 182 (A)(1) - F; 459,RECEIVE/ETC KNOWN STOLEN PROPERTY; GRAND THEFT (ALL OTHER); CONSPIRACY:COMMIT CRIME; BURGLARY - BREAKING AND ENTERING,Penal Code; Penal Code; Penal Code; Penal Code,On-View Arrest IBR,36,5 ft. 8 in.,Black,Male,175.0,2025-00042469,121
116,2025-00042409,2025/09/19 21:44:36+00,CFS 20001 - Hit & Run Injuries,911 Call,In Progress,Level 1,"Primary Case (Case or Cold Theft), MDT Narrative Only",ADDISON ST  &  10TH ST,BERKELEY,94710.0,,3400,20002 (A); 166 (A)(4),Hit & run property damage: only; owner required info exchange; CONTEMPT OF COURT: DISOBEY COURT ORDER,Vehicle Code; Penal Code,On-View Arrest IBR,35,6 ft. 0 in.,Black,Male,160.0,2025-00042409,28
117,2025-00042461,2025/09/20 03:36:44+00,CFS 23152 - DUI,911 Call,In Progress,Level 2,"Collision Report, CHP-180 Report, Arrest only (no Case), Primary Case (Case or Cold Theft)",500 BOYNTON AVE,BERKELEY,94707.0,,3409,23152(G); 23152 (A),DUI COMBINED ALCOHOL AND DRUG; DUI ALCOHOL,Vehicle Code; Vehicle Code,On-View Arrest IBR,26,5 ft. 9 in.,Hispanic,Male,177.0,2025-00042461,25
118,2025-00042252,2025/09/18 22:30:11+00,CFS SUSPER - Susp. Person,Telephone,In Progress,Level 2,"Arrest only (no Case), Primary Case (Case or Cold Theft)",2000 OREGON ST,BERKELEY,94703.0,,3410,484 (A); 3056 - Misd.,PETTY THEFT (ALL OTHER); VIOLATION PAROLE:MISDEMEANOR,Penal Code; Penal Code,On-View Arrest IBR,31,6 ft. 1 in.,Black,Male,214.0,2025-00042252,31
119,2025-00042362,2025/09/19 16:15:51+00,CFS 415F - Family Disturbance,911 Call,In Progress,Level 1,"Primary Case (Case or Cold Theft), RIPA",2300 10TH ST,BERKELEY,94710.0,,3411,273A (B); 273.5 (F)(1) - F,WILLFUL CRUELTY TO CHILD; AGG - INFLICT CORPORAL INJURY ON SPOUSE/COHAB W/PRIORS,Penal Code; Penal Code,On-View Arrest IBR,31,6 ft. 1 in.,Black,Male,160.0,2025-00042362,30
120,2025-00042458,2025/09/20 03:16:30+00,CFS 484 - Theft,Telephone,In Progress,Level 2,Primary Case (Case or Cold Theft),2100 SHATTUCK AVE,BERKELEY,94704.0,,3415,484 (A),PETTY THEFT (ALL OTHER),Penal Code,Summoned/Cited IBR,33,5 ft. 8 in.,Hispanic,Male,135.0,2025-00042458,26
121,2025-00042551,2025/09/20 18:23:12+00,CFS 1067 - Call for Help,911 Call,In Progress,Level 1,Primary Case (Case or Cold Theft),1600 SOLANO AVE,BERKELEY,94707.0,,3443,243(D) - F,BATTERY W/SERIOUS BODILY INJURY,Penal Code,On-View Arrest IBR,21,5 ft. 10 in.,Black,Male,150.0,2025-00042551,19
122,2025-00042245,2025/09/18 21:35:43+00,CFS FLAG - Flag Down,Officer Initiated,In Progress,Level 1,Primary Case (Case or Cold Theft),1400 UNIVERSITY AVE,BERKELEY,94702.0,,3466,666.1(A)(1) (F); 484 (A),Shoplifting: FELONY THEFT WITH 2 PRIORS; PETTY THEFT (ALL OTHER),Penal Code; Penal Code,On-View Arrest IBR,65,5 ft. 4 in.,Black,Female,200.0,2025-00042245,32
123,2025-00042259,2025/09/18 21:23:01+00,CFS 459A - Auto Burglary,Telephone,Cold Report,Level 3,Primary Case (Case or Cold Theft),2100 4TH ST,BERKELEY,94710.0,,3485,459,BURGLARY - BREAKING AND ENTERING,Penal Code,On-View Arrest IBR,52,6 ft. 0 in.,Black,Male,230.0,2025-00042259,171
124,2025-00042443,2025/09/20 01:49:17+00,CFS 20002 - Hit & Run Prop.,911 Call,In Progress,Level 2,Primary Case (Case or Cold Theft),2600 SAN PABLO AVE,BERKELEY,94702.0,,3497,20002 (A),Hit & run property damage: only; owner required info exchange,Vehicle Code,On-View Arrest IBR,26,5 ft. 9 in.,Hispanic,Male,177.0,2025-00042443,27
125,2025-00042546,2025/09/20 17:29:10+00,CFS 415 - Disturbance,911 Call,In Progress,Level 2,"Homeless, RIPA, Arrest only (no Case)",2100 MARTIN LUTHER KING JR WAY,BERKELEY,94703.0,,3498,Warr - Out (M),Outside Warrant Misdemeanor,Penal Code,Taken into Custody IBR,25,5 ft. 11 in.,Hispanic,Male,221.0,2025-00042546,20
126,2025-00042383,2025/09/19 19:20:05+00,CFS 242 - Battery,911 Call,In Progress,Level 1,"Homeless, Primary Case (Case or Cold Theft), RIPA",2100 MARTIN LUTHER KING JR WAY,BERKELEY,94703.0,,3539,647(F),DISORDERLY CONDUCT:ALCOHOL,Penal Code,On-View Arrest IBR,31,5 ft. 0 in.,Hispanic,Male,150.0,2025-00042383,29
127,2025-00041975,2025/09/17 06:59:50+00,CFS 415 - Disturbance,911 Call,In Progress,Level 2,Arrest only (no Case),1300 VIRGINIA ST,BERKELEY,94702.0,,3608,Warr - BPD (M),Misdemeanor Warrant,Penal Code,Taken into Custody IBR,42,5 ft. 7 in.,White,Female,150.0,2025-00041975,44
128,2025-00041958,2025/09/17 04:47:13+00,CFS 484 - Theft,Officer Initiated,In Progress,Level 2,Primary Case (Case or Cold Theft),2100 SHATTUCK AVE,BERKELEY,94704.0,,3625,1203.2 - F; 530.5 (A); 484 (A); 148(A)(1),PROBATION VIOLATION: REARREST/REVOKE; GET CREDIT/ETC OTHER'S ID BY IDENTITY THEFT ; PETTY THEFT (ALL OTHER); OBSTRUCT/RESIST/ETC PUBLIC/PEACE OFFICER/EMERGENCY MED TECH,Penal Code; Penal Code; Penal Code; Penal Code,On-View Arrest IBR,32,6 ft. 2 in.,Black,Male,215.0,2025-00041958,45
129,2025-00041957,2025/09/17 04:29:02+00,CFS SEC - Security Check,Officer Initiated,In Progress,Level 4,"Primary Case (Case or Cold Theft), RIPA",2100 SHATTUCK AVE,BERKELEY,94704.0,,3626,Warr - Out (F); 530.5 (A); 484 (A),Outside Warrant Felony; GET CREDIT/ETC OTHER'S ID BY IDENTITY THEFT ; PETTY THEFT (ALL OTHER),Penal Code; Penal Code; Penal Code,On-View Arrest IBR,42,5 ft. 7 in.,Black,Male,210.0,2025-00041957,46
130,2025-00041945,2025/09/17 03:08:21+00,CFS SUSPER - Susp. Person,911 Call,In Progress,Level 2,Primary Case (Case or Cold Theft),2800 ADELINE ST,BERKELEY,94703.0,,3641,1203.2 - F; 484 (A); 166 (A)(4),PROBATION VIOLATION: REARREST/REVOKE; PETTY THEFT (ALL OTHER); CONTEMPT OF COURT: DISOBEY COURT ORDER,Penal Code; Penal Code; Penal Code,On-View Arrest IBR,49,5 ft. 8 in.,Black,Male,180.0,2025-00041945,47
131,2025-00041936,2025/09/17 02:24:08+00,CFS T - Traffic Stop,Officer Initiated,In Progress,Level 0,"Primary Case (Case or Cold Theft), RIPA",HEARST AVE  &  SAN PABLO AVE,BERKELEY,94710.0,,3649,23152(G); 4462.5; 12500 (A),DUI COMBINED ALCOHOL AND DRUG; Display on veh/present to officer false registration; Drive w/o license,Vehicle Code; Vehicle Code; Vehicle Code,Summoned/Cited IBR,23,5 ft. 7 in.,Black,Female,130.0,2025-00041936,49
132,2025-00041934,2025/09/17 02:09:06+00,CFS 1194 - Pedestrian Stop,Officer Initiated,In Progress,Level 0,"RIPA, Arrest only (no Case), Homeless, Primary Case (Case or Cold Theft)",ALLSTON WAY  &  4TH ST,BERKELEY,94710.0,,3653,530.5 (A); 11364(A),GET CREDIT/ETC OTHER'S ID BY IDENTITY THEFT ; POSSESS UNLAWFUL PARAPHERNALIA,Penal Code; Health and Safety,On-View Arrest IBR,30,5 ft. 10 in.,Black,Male,199.0,2025-00041934,50
133,2025-00042035,2025/09/17 17:17:39+00,CFS 602L - Trespassing,Telephone,In Progress,Level 3,"RIPA, Mental Health, Homeless, Primary Case (Case or Cold Theft)",1900 DELAWARE ST,BERKELEY,94709.0,,3680,Warr - BPD (F); 243(B) (Simp.); 148(A)(1),Felony Warrant; BATTERY ON PEACE OFFICER/EMERGENCY PERSONNEL/ETC; OBSTRUCT/RESIST/ETC PUBLIC/PEACE OFFICER/EMERGENCY MED TECH,Penal Code; Penal Code; Penal Code,On-View Arrest IBR,26,6 ft. 2 in.,Black,Male,200.0,2025-00042035,42
134,2025-00041924,2025/09/17 00:44:31+00,CFS 415 - Disturbance,911 Call,In Progress,Level 2,"Arrest only (no Case), Primary Case (Case or Cold Theft), RIPA",1800 SOLANO AVE,BERKELEY,94707.0,,3706,602.1 (A); 647(F); 484 (A),TRESPASS: OBSTRUCT BUSINESS OPERATIONS/ETC; DISORDERLY CONDUCT:ALCOHOL; PETTY THEFT (ALL OTHER),Penal Code; Penal Code; Penal Code,Summoned/Cited IBR,42,6 ft. 0 in.,Other,Male,215.0,2025-00041924,48
135,2025-00042117,2025/09/18 01:49:44+00,CFS 1194 - Pedestrian Stop,Officer Initiated,In Progress,Level 0,"RIPA, Arrest only (no Case), Homeless, Primary Case (Case or Cold Theft)",1200 SAN PABLO AVE,BERKELEY,94710.0,,3744,Warr - Out (F); 11364(A); 3056 - Felony,Outside Warrant Felony; POSSESS UNLAWFUL PARAPHERNALIA; VIOLATION PAROLE:FELONY,Penal Code; Health and Safety; Penal Code,On-View Arrest IBR,63,6 ft. 2 in.,Black,Male,160.0,2025-00042117,35
136,2025-00041907,2025/09/16 23:26:25+00,CFS 1194 - Pedestrian Stop,Officer Initiated,In Progress,Level 0,"Primary Case (Case or Cold Theft), RIPA",2100 MARTIN LUTHER KING JR WAY,BERKELEY,94703.0,,3798,11377 (A) - M; 11364(A),POSSESS CONTROLLED SUBSTANCE; POSSESS UNLAWFUL PARAPHERNALIA,Health and Safety; Health and Safety,On-View Arrest IBR,71,6 ft. 0 in.,Black,Male,225.0,2025-00041907,51
137,2025-00042049,2025/09/17 19:48:48+00,CFS 1194 - Pedestrian Stop,Officer Initiated,In Progress,Level 0,"Primary Case (Case or Cold Theft), RIPA",SACRAMENTO ST  &  UNIVERSITY AVE,BERKELEY,94702.0,,3846,1203.2 - F; Warr - BPD (F); 11364(A); 148(A)(1),PROBATION VIOLATION: REARREST/REVOKE; Felony Warrant; POSSESS UNLAWFUL PARAPHERNALIA; OBSTRUCT/RESIST/ETC PUBLIC/PEACE OFFICER/EMERGENCY MED TECH,Penal Code; Penal Code; Health and Safety; Penal Code,On-View Arrest IBR,34,6 ft. 2 in.,Hispanic,Male,250.0,2025-00042049,37
138,2025-00041889,2025/09/16 22:58:57+00,CFS 1194 - Pedestrian Stop,Officer Initiated,In Progress,Level 0,"Arrest only (no Case), RIPA",2200 SHATTUCK AVE,BERKELEY,94704.0,,3856,Warr - BPD (F),Felony Warrant,Penal Code,Taken into Custody IBR,32,6 ft. 0 in.,Black,Male,198.0,2025-00041889,52
139,2025-00042048,2025/09/17 19:45:10+00,CFS 1194 - Pedestrian Stop,Officer Initiated,In Progress,Level 0,"Primary Case (Case or Cold Theft), RIPA",2200 SHATTUCK AVE,BERKELEY,94704.0,,3886,11364(A),POSSESS UNLAWFUL PARAPHERNALIA,Health and Safety,Summoned/Cited IBR,35,5 ft. 7 in.,White,Female,105.0,2025-00042048,38
140,2025-00042193,2025/09/18 15:11:19+00,CFS SUSCIR - Susp. Circ.,911 Call,In Progress,Level 2,"Arrest only (no Case), MDT Narrative Only, Homeless, Primary Case (Case or Cold Theft)",2900 KING ST,BERKELEY,94703.0,,3904,1203.2 - F; Warr - Out (F); 496D(A); 10851 (A); 11378; 11351.5; 148(A)(1); 466; 459,PROBATION VIOLATION: REARREST/REVOKE; Outside Warrant Felony; POSSESS STOLEN VEHICLE/VESSEL/ETC; TAKE VEHICLE W/O OWNER'S CONSENT/VEHICLE THEFT; POSSESS CONTROLLED SUBSTANCE FOR SALE; POSSESS/PURCHASE COCAINE BASE FOR SALE; OBSTRUCT/RESIST/ETC PUBLIC/PEACE OFFICER/EMERGENCY MED TECH; POSSESS/ETC BURGLARY TOOLS; BURGLARY - BREAKING AND ENTERING,Penal Code; Penal Code; Penal Code; Vehicle Code; Health and Safety; Health and Safety; Penal Code; Penal Code; Penal Code,On-View Arrest IBR,38,5 ft. 8 in.,Black,Male,185.0,2025-00042193,33
141,2025-00042193,2025/09/18 15:11:19+00,CFS SUSCIR - Susp. Circ.,911 Call,In Progress,Level 2,"Arrest only (no Case), MDT Narrative Only, Homeless, Primary Case (Case or Cold Theft)",2900 KING ST,BERKELEY,94703.0,,3904,496D(A); 10851 (A); 148(A)(1); 466; 459,POSSESS STOLEN VEHICLE/VESSEL/ETC; TAKE VEHICLE W/O OWNER'S CONSENT/VEHICLE THEFT; OBSTRUCT/RESIST/ETC PUBLIC/PEACE OFFICER/EMERGENCY MED TECH; POSSESS/ETC BURGLARY TOOLS; BURGLARY - BREAKING AND ENTERING,Penal Code; Vehicle Code; Penal Code; Penal Code; Penal Code,On-View Arrest IBR,32,5 ft. 7 in.,White,Female,135.0,2025-00042193,34
142,2025-00042044,2025/09/17 19:23:13+00,CFS 5150 - Mentally Ill,911 Call,In Progress,Level 2,"Arrest only (no Case), Primary Case (Case or Cold Theft), RIPA",1300 CEDAR ST,BERKELEY,94702.0,,3924,10852,Tamper with vehicle,Vehicle Code,On-View Arrest IBR,32,5 ft. 2 in.,Black,Female,160.0,2025-00042044,40
143,2025-00042037,2025/09/17 18:15:56+00,CFS SUSPER - Susp. Person,Telephone,In Progress,Level 2,"Mental Health, Primary Case (Case or Cold Theft)",1000 UNIVERSITY AVE,BERKELEY,94710.0,,3971,Warr - BPD (M); Warr - BPD (F); 11364(A),Misdemeanor Warrant; Felony Warrant; POSSESS UNLAWFUL PARAPHERNALIA,Penal Code; Penal Code; Health and Safety,Taken into Custody IBR,43,6 ft. 5 in.,Black,Male,190.0,2025-00042037,41
144,2025-00041990,2025/09/17 09:21:33+00,CFS WARARR - Warrant Arrest,Officer Initiated,In Progress,Level 6,"Arrest only (no Case), Primary Case (Case or Cold Theft)",2400 ASHBY AVE,BERKELEY,94705.0,,3972,Warr - Out (M); Warr - Out (M),Outside Warrant Misdemeanor; Outside Warrant Misdemeanor,Penal Code; Penal Code,Taken into Custody IBR,55,5 ft. 10 in.,White,Male,185.0,2025-00041990,43
145,2025-00041870,2025/09/16 21:11:23+00,CFS 242 - Battery,911 Call,In Progress,Level 1,"Primary Case (Case or Cold Theft), RIPA",MARTIN LUTHER KING JR WAY  &  ALLSTON WAY,BERKELEY,94704.0,,3985,242; 21310 - Felony,BATTERY ON PERSON; CARRY CONCEALED DIRK OR DAGGER,Penal Code; Penal Code,On-View Arrest IBR,68,5 ft. 7 in.,White,Male,150.0,2025-00041870,54
146,2025-00041574,2025/09/15 02:02:02+00,CFS SUSPER - Susp. Person,Telephone,In Progress,Level 2,"Primary Case (Case or Cold Theft), RIPA",1400 UNIVERSITY AVE,BERKELEY,94702.0,,4008,666.1(A)(1) (F); 484 (A); 11364(A); 148.9 (A); 3056 - Felony,Shoplifting: FELONY THEFT WITH 2 PRIORS; PETTY THEFT (ALL OTHER); POSSESS UNLAWFUL PARAPHERNALIA; GIVE FALSE ID TO POLICE OFFICER; VIOLATION PAROLE:FELONY,Penal Code; Penal Code; Health and Safety; Penal Code; Penal Code,On-View Arrest IBR,61,5 ft. 11 in.,Black,Male,175.0,2025-00041574,79
147,2025-00041562,2025/09/15 01:21:44+00,CFS 484 - Theft,Telephone,In Progress,Level 2,Primary Case (Case or Cold Theft),1800 SOLANO AVE,BERKELEY,94707.0,,4019,484 (A) - (building); 1203.2 - F; 11364(A); 182 (A)(1) - M; 148.9 (A),PETTY THEFT OF PROPERTY FROM BUILDING; PROBATION VIOLATION: REARREST/REVOKE; POSSESS UNLAWFUL PARAPHERNALIA; CONSPIRACY:COMMIT CRIME; GIVE FALSE ID TO POLICE OFFICER,Penal Code; Penal Code; Health and Safety; Penal Code; Penal Code,On-View Arrest IBR,46,5 ft. 5 in.,Black,Female,180.0,2025-00041562,81
148,2025-00041562,2025/09/15 01:21:44+00,CFS 484 - Theft,Telephone,In Progress,Level 2,Primary Case (Case or Cold Theft),1800 SOLANO AVE,BERKELEY,94707.0,,4019,666.1(A)(1) (F); 484 (A) - (building); 11364(A); 182 (A)(1) - M; 148.9 (A),Shoplifting: FELONY THEFT WITH 2 PRIORS; PETTY THEFT OF PROPERTY FROM BUILDING; POSSESS UNLAWFUL PARAPHERNALIA; CONSPIRACY:COMMIT CRIME; GIVE FALSE ID TO POLICE OFFICER,Penal Code; Penal Code; Health and Safety; Penal Code; Penal Code,On-View Arrest IBR,48,6 ft. 0 in.,Black,Male,140.0,2025-00041562,84
149,2025-00041549,2025/09/15 00:02:13+00,CFS 242 - Battery,911 Call,Cold Report,Level 3,Primary Case (Case or Cold Theft),2500 SAN PABLO AVE,BERKELEY,94702.0,,4037,368 (B) - F,CAUSE INJ ELDER/DEP ADULT AGG ASSAULT,Penal Code,On-View Arrest IBR,28,5 ft. 2 in.,Other,Female,200.0,2025-00041549,87
150,2025-00041546,2025/09/14 23:30:21+00,CFS 417 - Brandishing Weapon,911 Call,In Progress,Level 1,"Mental Health, Primary Case (Case or Cold Theft)",3000 TELEGRAPH AVE,BERKELEY,94705.0,,4039,Warr - Out (M); Warr - Out (M); Warr - Out (F); Warr - Out (F),Outside Warrant Misdemeanor; Outside Warrant Misdemeanor; Outside Warrant Felony; Outside Warrant Felony,Penal Code; Penal Code; Penal Code; Penal Code,Taken into Custody IBR,53,5 ft. 6 in.,White,Female,206.0,2025-00041546,90
151,2025-00041814,2025/09/16 11:31:09+00,CFS 1196 - Suspicoius Vehicle,Officer Initiated,In Progress,Level 0,"Homeless, Primary Case (Case or Cold Theft), Arrest only (no Case)",ASHBY AVE  &  SHATTUCK AVE,BERKELEY,94703.0,,4119,11377 (A) - M; 148(A)(1),POSSESS CONTROLLED SUBSTANCE; OBSTRUCT/RESIST/ETC PUBLIC/PEACE OFFICER/EMERGENCY MED TECH,Health and Safety; Penal Code,Summoned/Cited IBR,66,5 ft. 11 in.,Black,Male,250.0,2025-00041814,56
152,2025-00041785,2025/09/16 04:44:11+00,CFS 484 - Theft,Telephone,In Progress,Level 2,"Primary Case (Case or Cold Theft), RIPA",2100 SHATTUCK AVE,BERKELEY,94704.0,,4144,243(B) (Simp.); 459.5 - M; 69 - F (Agg.),BATTERY ON PEACE OFFICER/EMERGENCY PERSONNEL/ETC; SHOPLIFTING (LESS THAN $950); OBSTRUCT/RESIST EXECUTIVE OFFICER (AGGRAVATED),Penal Code; Penal Code; Penal Code,On-View Arrest IBR,40,6 ft. 3 in.,White,Male,220.0,2025-00041785,59
153,2025-00041682,2025/09/15 17:19:02+00,CFS 653M - Harrassing Phone Calls,Telephone,Cold Report,Level 4,Primary Case (Case or Cold Theft),ARLINGTON AVE & BOYNTON AVE,BERKELEY,94707.0,,4252,422.6 (Agg.); 422 (A) - F,VIOLATE CIVIL RIGHTS BY FORCE OR THREAT OF FORCE; THREATEN CRIME WITH INTENT TO TERRORIZE,Penal Code; Penal Code,On-View Arrest IBR,21,5 ft. 2 in.,Asian,Male,130.0,2025-00041682,62
154,2025-00041704,2025/09/15 20:51:25+00,CFS 1194 - Pedestrian Stop,Officer Initiated,In Progress,Level 0,"Primary Case (Case or Cold Theft), RIPA",2600 TELEGRAPH AVE,BERKELEY,94704.0,,4266,11377 (A) - M; 11364(A),POSSESS CONTROLLED SUBSTANCE; POSSESS UNLAWFUL PARAPHERNALIA,Health and Safety; Health and Safety,Summoned/Cited IBR,57,5 ft. 10 in.,White,Male,160.0,2025-00041704,71
155,2025-00041688,2025/09/15 19:09:00+00,CFS 415 - Disturbance,Telephone,In Progress,Level 2,"RIPA, Arrest only (no Case), Homeless, Primary Case (Case or Cold Theft)",1600 MILVIA ST,BERKELEY,94709.0,,4290,1203.2 - F; 11364(A),PROBATION VIOLATION: REARREST/REVOKE; POSSESS UNLAWFUL PARAPHERNALIA,Penal Code; Health and Safety,On-View Arrest IBR,56,6 ft. 2 in.,White,Male,190.0,2025-00041688,74
156,2025-00041688,2025/09/15 19:09:00+00,CFS 415 - Disturbance,Telephone,In Progress,Level 2,"RIPA, Arrest only (no Case), Homeless, Primary Case (Case or Cold Theft)",1600 MILVIA ST,BERKELEY,94709.0,,4290,1203.2 - F; 166 (A)(4); 148(A)(1),PROBATION VIOLATION: REARREST/REVOKE; CONTEMPT OF COURT: DISOBEY COURT ORDER; OBSTRUCT/RESIST/ETC PUBLIC/PEACE OFFICER/EMERGENCY MED TECH,Penal Code; Penal Code; Penal Code,On-View Arrest IBR,41,6 ft. 3 in.,White,Male,230.0,2025-00041688,77
157,2025-00041743,2025/09/16 00:41:54+00,CFS SEC - Security Check,Officer Initiated,In Progress,Level 4,Primary Case (Case or Cold Theft),7TH ST  &  HARRISON ST,BERKELEY,94710.0,,4307,11364(A),POSSESS UNLAWFUL PARAPHERNALIA,Health and Safety,On-View Arrest IBR,50,5 ft. 9 in.,White,Male,158.0,2025-00041743,68
158,2025-00041071,2025/09/12 15:02:17+00,CFS 415F - Family Disturbance,911 Call,In Progress,Level 1,"Arrest only (no Case), Primary Case (Case or Cold Theft), RIPA",2300 WOOLSEY ST,BERKELEY,94705.0,,4417,273.5 - Simp; 236; 647(F); 273.6(A),CORPORAL INJURY ON SPOUSE/COHABITANT/CHILD IN COMMON; False Imprisonment; DISORDERLY CONDUCT:ALCOHOL; VIOLATE COURT ORDER TO PREVENT DOMESTIC VIOLENCE,Penal Code; Penal Code; Penal Code; Penal Code,On-View Arrest IBR,42,5 ft. 8 in.,White,Male,150.0,2025-00041071,140
159,2025-00041115,2025/09/12 19:40:11+00,CFS 484 - Theft,Officer Initiated,In Progress,Level 2,Primary Case (Case or Cold Theft),2100 SHATTUCK AVE,BERKELEY,94704.0,,4535,666.1(A)(1) (F); 484 (A) - (Shoplift); 11364(A); 166 (A)(4),Shoplifting: FELONY THEFT WITH 2 PRIORS; PETTY THEFT SHOPLIFTING; POSSESS UNLAWFUL PARAPHERNALIA; CONTEMPT OF COURT: DISOBEY COURT ORDER,Penal Code; Penal Code; Health and Safety; Penal Code,On-View Arrest IBR,44,5 ft. 10 in.,Black,Male,190.0,2025-00041115,125
160,2025-00041238,2025/09/13 06:01:00+00,CFS 415 - Disturbance,911 Call,In Progress,Level 2,Primary Case (Case or Cold Theft),2500 DURANT AVE,BERKELEY,94704.0,,4585,602.1 (A); 242; 422 (A) - F,TRESPASS: OBSTRUCT BUSINESS OPERATIONS/ETC; BATTERY ON PERSON; THREATEN CRIME WITH INTENT TO TERRORIZE,Penal Code; Penal Code; Penal Code,On-View Arrest IBR,31,5 ft. 10 in.,Black,Male,180.0,2025-00041238,103
161,2025-00041235,2025/09/13 05:50:35+00,CFS 207 - Kidnapping,Telephone,In Progress,Level 1,Primary Case (Case or Cold Theft),RIDGE RD  &  HIGHLAND PL,BERKELEY,94709.0,,4590,243 (E)(1) Simp,BATTERY:SPOUSE/EX SPOUSE/DATE/ETC,Penal Code,On-View Arrest IBR,35,5 ft. 9 in.,Hispanic,Male,195.0,2025-00041235,106
162,2025-00041105,2025/09/12 18:33:16+00,CFS 484 - Theft,Telephone,In Progress,Level 2,"RIPA, Arrest only (no Case), Homeless, Primary Case (Case or Cold Theft)",2100 SHATTUCK AVE,BERKELEY,94704.0,,4643,666.1(A)(1) (F); 484 (A) - (Shoplift),Shoplifting: FELONY THEFT WITH 2 PRIORS; PETTY THEFT SHOPLIFTING,Penal Code; Penal Code,On-View Arrest IBR,50,6 ft. 0 in.,Black,Male,180.0,2025-00041105,128
163,2025-00041109,2025/09/12 18:31:07+00,CFS 415 - Disturbance,Telephone,In Progress,Level 2,Arrest only (no Case),1700 SAN PABLO AVE,BERKELEY,94702.0,,4648,Warr - Out (M); Warr - Out (F); Warr - Out (F),Outside Warrant Misdemeanor; Outside Warrant Felony; Outside Warrant Felony,Penal Code; Penal Code; Penal Code,Taken into Custody IBR,28,6 ft. 3 in.,Black,Male,165.0,2025-00041109,131
164,2025-00041125,2025/09/12 18:23:33+00,CFS 415F - Family Disturbance,911 Call,In Progress,Level 2,Primary Case (Case or Cold Theft),1700 SOLANO AVE,BERKELEY,94707.0,,4653,273A (B); 243 (E)(1) Simp,WILLFUL CRUELTY TO CHILD; BATTERY:SPOUSE/EX SPOUSE/DATE/ETC,Penal Code; Penal Code,On-View Arrest IBR,31,5 ft. 4 in.,Hispanic,Female,180.0,2025-00041125,134
165,2025-00041156,2025/09/12 22:36:42+00,CFS T - Traffic Stop,Officer Initiated,In Progress,Level 0,"Arrest only (no Case), RIPA",CEDAR ST  &  MILVIA ST,BERKELEY,94709.0,,4669,Warr - Out (M); Warr - Out (M),Outside Warrant Misdemeanor; Outside Warrant Misdemeanor,Penal Code; Penal Code,Taken into Custody IBR,38,6 ft. 2 in.,White,Male,215.0,2025-00041156,112
166,2025-00041153,2025/09/12 22:33:08+00,CFS 484 - Theft,Telephone,In Progress,Level 2,"RIPA, Arrest only (no Case), Homeless, Primary Case (Case or Cold Theft)",1400 UNIVERSITY AVE,BERKELEY,94702.0,,4675,666.1(A)(1) (F); 484 (A) - (Shoplift); 1203.2 - F,Shoplifting: FELONY THEFT WITH 2 PRIORS; PETTY THEFT SHOPLIFTING; PROBATION VIOLATION: REARREST/REVOKE,Penal Code; Penal Code; Penal Code,On-View Arrest IBR,38,5 ft. 6 in.,Black,Male,215.0,2025-00041153,109
167,2025-00041331,2025/09/13 17:14:37+00,CFS 273 5 - Domestic Violence,Telephone,Cold Report,Level 2,Primary Case (Case or Cold Theft),3000 SAN PABLO AVE,BERKELEY,94702.0,,4684,273.5 - Simp,CORPORAL INJURY ON SPOUSE/COHABITANT/CHILD IN COMMON,Penal Code,On-View Arrest IBR,49,6 ft. 2 in.,Black,Male,200.0,2025-00041331,94
168,2025-00041147,2025/09/12 22:06:21+00,CFS 484 - Theft,Telephone,In Progress,Level 2,"Arrest only (no Case), Primary Case (Case or Cold Theft)",2100 SHATTUCK AVE,BERKELEY,94704.0,,4710,484 (A); 11377 (A) - M; 11364(A),PETTY THEFT (ALL OTHER); POSSESS CONTROLLED SUBSTANCE; POSSESS UNLAWFUL PARAPHERNALIA,Penal Code; Health and Safety; Health and Safety,Summoned/Cited IBR,55,5 ft. 9 in.,White,Male,185.0,2025-00041147,115
169,2025-00041145,2025/09/12 21:54:29+00,CFS SUSPER - Susp. Person,Telephone,In Progress,Level 2,Primary Case (Case or Cold Theft),2100 SHATTUCK AVE,BERKELEY,94704.0,,4720,666.1(A)(1) (F); 484 (A) - (Shoplift); 166 (A)(1),Shoplifting: FELONY THEFT WITH 2 PRIORS; PETTY THEFT SHOPLIFTING; CONTEMPT OF COURT: DISORDERLY/ETC BEHAVIOR,Penal Code; Penal Code; Penal Code,On-View Arrest IBR,43,5 ft. 9 in.,White,Male,150.0,2025-00041145,118
170,2025-00041143,2025/09/12 21:32:57+00,CFS 1181 - Minor Injuries,911 Call,In Progress,Level 1,"Collision Report, Primary Case (Case or Cold Theft)",2100 MARTIN LUTHER KING JR WAY,BERKELEY,94703.0,,4748,23152 (A),DUI ALCOHOL,Vehicle Code,On-View Arrest IBR,28,5 ft. 3 in.,Black,Female,135.0,2025-00041143,122
171,2025-00041104,2025/09/12 17:22:44+00,CFS 602L - Trespassing,Telephone,In Progress,Level 3,"Arrest only (no Case), Primary Case (Case or Cold Theft)",3000 ADELINE ST,BERKELEY,94703.0,,4749,602.1 (A),TRESPASS: OBSTRUCT BUSINESS OPERATIONS/ETC,Penal Code,On-View Arrest IBR,74,5 ft. 8 in.,Black,Female,210.0,2025-00041104,137
172,2025-00041302,2025/09/13 15:27:52+00,CFS 484 - Theft,Telephone,In Progress,Level 2,Primary Case (Case or Cold Theft),2800 ADELINE ST,BERKELEY,94703.0,,4755,666.1(A)(1) (F); 484 (A) - (Shoplift),Shoplifting: FELONY THEFT WITH 2 PRIORS; PETTY THEFT SHOPLIFTING,Penal Code; Penal Code,On-View Arrest IBR,43,5 ft. 9 in.,White,Male,150.0,2025-00041302,97
173,2025-00041294,2025/09/13 14:01:47+00,CFS 415F - Family Disturbance,911 Call,In Progress,Level 1,Primary Case (Case or Cold Theft),3000 SACRAMENTO ST,BERKELEY,94702.0,,4775,243 (E)(1) Simp; 211; 591.5,BATTERY:SPOUSE/EX SPOUSE/DATE/ETC; ROBBERY; DAMAGE/DESTROY ANY WIRELESS COMMUNICATION DEVICE,Penal Code; Penal Code; Penal Code,On-View Arrest IBR,21,5 ft. 10 in.,Black,Male,148.0,2025-00041294,100
174,2025-00040680,2025/09/10 08:38:32+00,CFS 415 - Disturbance,911 Call,In Progress,Level 2,Primary Case (Case or Cold Theft),2000 DELAWARE ST,BERKELEY,94709.0,,4815,11364(A); 166 (A)(4); 148(A)(1); 1205(A),POSSESS UNLAWFUL PARAPHERNALIA; CONTEMPT OF COURT: DISOBEY COURT ORDER; OBSTRUCT/RESIST/ETC PUBLIC/PEACE OFFICER/EMERGENCY MED TECH; JUDGEMENT IMPOSING PAYMENT OF FINE,Health and Safety; Penal Code; Penal Code; Penal Code,On-View Arrest IBR,42,5 ft. 11 in.,Black,Male,217.0,2025-00040680,156
175,2025-00041031,2025/09/12 05:19:16+00,CFS 242 - Battery,911 Call,In Progress,Level 1,"Arrest only (no Case), Primary Case (Case or Cold Theft)",2300 FULTON ST,BERKELEY,94704.0,,4871,417 (A)(1) - M; 242,EXHIBIT DEADLY WEAPON OTHER THAN FIREARM; BATTERY ON PERSON,Penal Code; Penal Code,On-View Arrest IBR,21,5 ft. 5 in.,Black,Female,120.0,2025-00041031,143
176,2025-00040976,2025/09/11 22:32:27+00,CFS 314 - Indecent Exposure,911 Call,In Progress,Level 2,Primary Case (Case or Cold Theft),2100 MARTIN LUTHER KING JR WAY,BERKELEY,94703.0,,4884,Warr - Out (M); 11377 (A) - M; 314 (1) - M,Outside Warrant Misdemeanor; POSSESS CONTROLLED SUBSTANCE; INDECENT EXPOSURE,Penal Code; Health and Safety; Penal Code,On-View Arrest IBR,37,5 ft. 11 in.,Black,Male,165.0,2025-00040976,146
177,2025-00040721,2025/09/10 16:48:32+00,CFS SUSPER - Susp. Person,Telephone,In Progress,Level 2,"Homeless, Primary Case (Case or Cold Theft), Arrest only (no Case)",1400 UNIVERSITY AVE,BERKELEY,94702.0,,4953,530.5 (A); 484 (A); 11377 (A) - M; 11364(A); 11350 (A) - M; 148.9 (A); 148(A)(1),GET CREDIT/ETC OTHER'S ID BY IDENTITY THEFT ; PETTY THEFT (ALL OTHER); POSSESS CONTROLLED SUBSTANCE; POSSESS UNLAWFUL PARAPHERNALIA; POSSESS NARCOTIC CONTROLLED SUBSTANCE; GIVE FALSE ID TO POLICE OFFICER; OBSTRUCT/RESIST/ETC PUBLIC/PEACE OFFICER/EMERGENCY MED TECH,Penal Code; Penal Code; Health and Safety; Health and Safety; Health and Safety; Penal Code; Penal Code,On-View Arrest IBR,33,5 ft. 9 in.,White,Male,200.0,2025-00040721,152
178,2025-00040712,2025/09/10 16:09:03+00,CFS 10851 - Stolen Vehicle,911 Call,In Progress,Level 2,Primary Case (Case or Cold Theft),DERBY ST  &  SACRAMENTO ST,BERKELEY,94702.0,,4990,496 (A) - F; 10851 (A),RECEIVE/ETC KNOWN STOLEN PROPERTY; TAKE VEHICLE W/O OWNER'S CONSENT/VEHICLE THEFT,Penal Code; Vehicle Code,On-View Arrest IBR,55,5 ft. 10 in.,Other,Female,165.0,2025-00040712,153
179,2025-00040709,2025/09/10 15:55:25+00,CFS 417 - Brandishing Weapon,Telephone,In Progress,Level 1,Primary Case (Case or Cold Theft),CENTER ST  &  MILVIA ST,BERKELEY,94704.0,,4993,417 (A)(1) - M; 422 (A) - F,EXHIBIT DEADLY WEAPON OTHER THAN FIREARM; THREATEN CRIME WITH INTENT TO TERRORIZE,Penal Code; Penal Code,On-View Arrest IBR,75, ft.  in.,White,Female,,2025-00040709,154
180,2025-00040701,2025/09/10 15:02:00+00,CFS WARARR - Warrant Arrest,911 Call,In Progress,Level 6,Arrest only (no Case),1400 BANCROFT WAY,BERKELEY,94702.0,,5004,Warr - BPD (M),Misdemeanor Warrant,Penal Code,Taken into Custody IBR,34,5 ft. 10 in.,Black,Male,250.0,2025-00040701,155
181,2025-00040810,2025/09/11 01:09:16+00,CFS 1194 - Pedestrian Stop,Officer Initiated,In Progress,Level 0,"Arrest only (no Case), Primary Case (Case or Cold Theft)",2100 MARTIN LUTHER KING JR WAY,BERKELEY,94703.0,,5049,11364(A),POSSESS UNLAWFUL PARAPHERNALIA,Health and Safety,Summoned/Cited IBR,46,5 ft. 9 in.,White,Male,180.0,2025-00040810,149
182,2025-00040809,2025/09/11 01:04:41+00,CFS SEC - Security Check,Officer Initiated,In Progress,Level 4,Primary Case (Case or Cold Theft),2100 MARTIN LUTHER KING JR WAY,BERKELEY,94703.0,,5057,11364(A),POSSESS UNLAWFUL PARAPHERNALIA,Health and Safety,Summoned/Cited IBR,53,5 ft. 9 in.,White,Male,180.0,2025-00040809,150
183,2025-00040802,2025/09/11 00:22:09+00,CFS CRTVIO - Court Order Violation,Telephone,Just Prior,Level 1,"Primary Case (Case or Cold Theft), RIPA",2700 MILVIA ST,BERKELEY,94703.0,,5095,1203.2 - F; 166 (A)(4),PROBATION VIOLATION: REARREST/REVOKE; CONTEMPT OF COURT: DISOBEY COURT ORDER,Penal Code; Penal Code,On-View Arrest IBR,35,6 ft. 0 in.,Black,Male,175.0,2025-00040802,151
184,2025-00040905,2025/09/11 16:28:02+00,CFS 415F - Family Disturbance,911 Call,In Progress,Level 1,Primary Case (Case or Cold Theft),900 HEINZ AVE,BERKELEY,94710.0,,5100,243 (E)(1) Simp,BATTERY:SPOUSE/EX SPOUSE/DATE/ETC,Penal Code,On-View Arrest IBR,39,5 ft. 7 in.,Hispanic,Male,130.0,2025-00040905,147
185,2025-00040640,2025/09/10 02:19:51+00,CFS 484 - Theft,Telephone,In Progress,Level 2,"Homeless, Primary Case (Case or Cold Theft), RIPA",2100 SHATTUCK AVE,BERKELEY,94704.0,,5262,484 (A),PETTY THEFT (ALL OTHER),Penal Code,On-View Arrest IBR,39,6 ft. 0 in.,White,Male,190.0,2025-00040640,157
186,2025-00040430,2025/09/08 23:50:09+00,CFS LDRPT - Loud Report,911 Call,In Progress,Level 1,"Follow Up, Primary Case (Case or Cold Theft)",2100 MARTIN LUTHER KING JR WAY,BERKELEY,94703.0,,5330,245 (A)(2) - F; 246 - F,ASSAULT WITH FIREARM ON PERSON; SHOOT AT INHABITED DWELLING/VEHICLE/ETC,Penal Code; Penal Code,On-View Arrest IBR,28,5 ft. 6 in.,Hispanic,Male,220.0,2025-00040430,107
187,2025-00040629,2025/09/10 01:17:30+00,CFS 415 - Disturbance,911 Call,In Progress,Level 2,Primary Case (Case or Cold Theft),1000 UNIVERSITY AVE,BERKELEY,94710.0,,5341,240,ASSAULT,Penal Code,Summoned/Cited IBR,34,5 ft. 3 in.,Black,Female,150.0,2025-00040629,158
188,2025-00040608,2025/09/09 23:52:14+00,CFS SEC - Security Check,Officer Initiated,In Progress,Level 4,"Primary Case (Case or Cold Theft), RIPA",DANA ST  &  CHANNING WAY,BERKELEY,94704.0,,5357,11377 (A) - M; 11364(A); 166 (A)(4); 135,POSSESS CONTROLLED SUBSTANCE; POSSESS UNLAWFUL PARAPHERNALIA; CONTEMPT OF COURT: DISOBEY COURT ORDER; DESTROY/CONCEAL EVIDENCE,Health and Safety; Health and Safety; Penal Code; Penal Code,On-View Arrest IBR,34,5 ft. 11 in.,White,Male,165.0,2025-00040608,159
189,2025-00040606,2025/09/09 23:50:03+00,CFS SEC - Security Check,Officer Initiated,In Progress,Level 4,"Homeless, Primary Case (Case or Cold Theft), RIPA",DANA ST  &  CHANNING WAY,BERKELEY,94704.0,,5358,11364(A),POSSESS UNLAWFUL PARAPHERNALIA,Health and Safety,On-View Arrest IBR,58,6 ft. 1 in.,White,Male,170.0,2025-00040606,160
190,2025-00040598,2025/09/09 22:47:39+00,CFS 1042 - Welfare Check,Telephone,In Progress,Level 2,"Primary Case (Case or Cold Theft), RIPA",1500 WOOLSEY ST,BERKELEY,94703.0,,5370,11364(A),POSSESS UNLAWFUL PARAPHERNALIA,Health and Safety,Summoned/Cited IBR,39,5 ft. 9 in.,White,Male,160.0,2025-00040598,161
191,2025-00040518,2025/09/09 14:39:19+00,CFS 415 - Disturbance,911 Call,In Progress,Level 2,"RIPA, Arrest only (no Case), Homeless, Primary Case (Case or Cold Theft)",SAN PABLO AVE  &  CEDAR ST,BERKELEY,94702.0,,5493,Warr - Out (M); Warr - BPD (M); 11364(A),Outside Warrant Misdemeanor; Misdemeanor Warrant; POSSESS UNLAWFUL PARAPHERNALIA,Penal Code; Penal Code; Health and Safety,On-View Arrest IBR,27,5 ft. 4 in.,Black,Female,151.0,2025-00040518,163
192,2025-00040555,2025/09/09 19:12:42+00,CFS 1194 - Pedestrian Stop,Officer Initiated,In Progress,Level 0,Arrest only (no Case),2100 SHATTUCK AVE,BERKELEY,94704.0,,5495,372,PUBLIC NUISANCE,Penal Code,Summoned/Cited IBR,47,6 ft. 6 in.,Black,Male,275.0,2025-00040555,162
193,2025-00040185,2025/09/07 08:45:20+00,CFS LDRPT - Loud Report,Telephone,In Progress,Level 1,"Primary Case (Case or Cold Theft), MDT Narrative Only",1400 HARMON ST,BERKELEY,94702.0,,5603,246.3(A) - F,WILLFULLY DISCHARGE OF FIREARM IN A NEGLIGENT MANNER (INJURY),Penal Code,On-View Arrest IBR,29,5 ft. 2 in.,Hispanic,Female,150.0,2025-00040185,4
194,2025-00038816,2025/08/31 02:19:39+00,CFS 242 - Battery,911 Call,In Progress,Level 1,Primary Case (Case or Cold Theft),WALNUT ST  &  VINE ST,BERKELEY,94709.0,,6829,243(D) - F,BATTERY W/SERIOUS BODILY INJURY,Penal Code,On-View Arrest IBR,69,5 ft. 10 in.,White,Male,160.0,2025-00038816,5
195,2025-00032140,2025/07/21 07:09:33+00,CFS 10851 - Stolen Vehicle,Telephone,In Progress,Level 2,Primary Case (Case or Cold Theft),2900 HILLEGASS AVE,BERKELEY,94705.0,,13776,Warr - Out (F),Outside Warrant Felony,Penal Code,On-View Arrest IBR,41,5 ft. 5 in.,White,Female,140.0,2025-00032140,193
196,2025-00031836,2025/07/18 23:52:53+00,CFS 459 - Burglary,Telephone,Cold Report,Level 3,MDT Narrative Only,3000 REGENT ST,BERKELEY,94705.0,,14090,460(A); 182 (A)(1) - F,BURGLARY:FIRST DEGREE; CONSPIRACY:COMMIT CRIME,Penal Code; Penal Code,On-View Arrest IBR,36,5 ft. 4 in.,Black,Female,180.0,2025-00031836,21
197,2025-00031293,2025/07/15 18:38:31+00,CFS 459 - Burglary,Telephone,Cold Report,Level 3,Primary Case (Case or Cold Theft),2200 DWIGHT WAY,BERKELEY,94704.0,,14661,460(A),BURGLARY:FIRST DEGREE,Penal Code,On-View Arrest IBR,36,5 ft. 4 in.,Black,Female,180.0,2025-00031293,18
198,2025-00026289,2025/06/12 06:07:27+00,CFS 459 - Burglary,Telephone,Cold Report,Level 3,Primary Case (Case or Cold Theft),2300 CEDAR ST,BERKELEY,94708.0,,19564,484G; 530.5 (A),FELONY-THEFT BY USE OF ACCESS CARD INFORMATION; GET CREDIT/ETC OTHER'S ID BY IDENTITY THEFT ,Penal Code; Penal Code,On-View Arrest IBR,66,5 ft. 10 in.,White,Male,175.0,2025-00026289,187
199,2025-00014945,2025/04/02 22:30:47+00,CFS 459A - Auto Burglary,Telephone,Cold Report,Level 3,Primary Case (Case or Cold Theft),2300 PARKER ST,BERKELEY,94704.0,,30946,1203.2 - F; 487 (A) - (veh); 459 Auto,PROBATION VIOLATION: REARREST/REVOKE; GRAND THEFT FROM VEHICLE; BURGLARY OF AUTO,Penal Code; Penal Code; Penal Code,On-View Arrest IBR,49,5 ft. 11 in.,Black,Male,185.0,2025-00014945,36
200,2024-00057741,2024/12/12 19:46:01+00,CFS 487 - Grand Theft,Telephone,Cold Report,Level 4,Primary Case (Case or Cold Theft),1200 5TH ST,BERKELEY,94710.0,,49135,487 (A); 182 (A)(1) - F; 459,GRAND THEFT (ALL OTHER); CONSPIRACY:COMMIT CRIME; BURGLARY - BREAKING AND ENTERING,Penal Code; Penal Code; Penal Code,On-View Arrest IBR,26, ft.  in.,Black,Female,,2024-00057741,148
